season,name,pos,team,p,w,d,l,f,a,gd,points,year1,year2
2018/2019,Premier League 2018-2019,1,Manchester City,38,32,2,4,95,23,72,98,2018,2019
2018/2019,Premier League 2018-2019,2,Liverpool,38,30,7,1,89,22,67,97,2018,2019
2018/2019,Premier League 2018-2019,3,Chelsea,38,21,9,8,63,39,24,72,2018,2019
2018/2019,Premier League 2018-2019,4,Tottenham Hotspur ,38,23,2,13,67,39,28,71,2018,2019
2018/2019,Premier League 2018-2019,5,Arsenal,38,21,7,10,73,51,22,70,2018,2019
2018/2019,Premier League 2018-2019,6,Manchester United,38,19,9,10,65,54,11,66,2018,2019
2018/2019,Premier League 2018-2019,7,Wolverhampton Wanderers,38,16,9,13,47,46,1,57,2018,2019
2018/2019,Premier League 2018-2019,8,Everton,38,15,9,14,54,46,8,54,2018,2019
2018/2019,Premier League 2018-2019,9,Leicester City,38,15,7,16,51,48,3,52,2018,2019
2018/2019,Premier League 2018-2019,10,West Ham United,38,15,7,16,52,55,-3,52,2018,2019
2018/2019,Premier League 2018-2019,11,Watford,38,14,8,16,52,59,-7,50,2018,2019
2018/2019,Premier League 2018-2019,12,Crystal Palace,38,14,7,17,51,53,-2,49,2018,2019
2018/2019,Premier League 2018-2019,13,Newcastle United,38,12,9,17,42,48,-6,45,2018,2019
2018/2019,Premier League 2018-2019,14,Bournemouth,38,13,6,19,56,70,-14,45,2018,2019
2018/2019,Premier League 2018-2019,15,Burnley,38,11,7,20,45,68,-23,40,2018,2019
2018/2019,Premier League 2018-2019,16,Southampton,38,9,12,17,45,65,-20,39,2018,2019
2018/2019,Premier League 2018-2019,17,Brighton,38,9,9,20,35,60,-25,36,2018,2019
2018/2019,Premier League 2018-2019,18,Cardiff City,38,10,4,24,34,69,-35,34,2018,2019
2018/2019,Premier League 2018-2019,19,Fulham,38,7,5,26,34,81,-47,26,2018,2019
2018/2019,Premier League 2018-2019,20,Huddersfield Town,38,3,7,28,22,76,-54,16,2018,2019
2017/2018,Premier League 2017-2018,1,Manchester City,38,32,4,2,106,27,79,100,2017,2018
2017/2018,Premier League 2017-2018,2,Manchester United,38,25,6,7,68,28,40,81,2017,2018
2017/2018,Premier League 2017-2018,3,Tottenham Hotspur ,38,23,8,7,74,36,38,77,2017,2018
2017/2018,Premier League 2017-2018,4,Liverpool,38,21,12,5,84,38,46,75,2017,2018
2017/2018,Premier League 2017-2018,5,Chelsea,38,21,7,10,62,38,24,70,2017,2018
2017/2018,Premier League 2017-2018,6,Arsenal,38,19,6,13,74,51,23,63,2017,2018
2017/2018,Premier League 2017-2018,7,Burnley,38,14,12,12,36,39,-3,54,2017,2018
2017/2018,Premier League 2017-2018,8,Everton,38,13,10,15,44,58,-14,49,2017,2018
2017/2018,Premier League 2017-2018,9,Leicester City,38,12,11,15,56,60,-4,47,2017,2018
2017/2018,Premier League 2017-2018,10,Newcastle United,38,12,8,18,39,47,-8,44,2017,2018
2017/2018,Premier League 2017-2018,11,Crystal Palace,38,11,11,16,45,55,-10,44,2017,2018
2017/2018,Premier League 2017-2018,12,Bournemouth,38,11,11,16,45,61,-16,44,2017,2018
2017/2018,Premier League 2017-2018,13,West Ham United,38,10,12,16,48,68,-20,42,2017,2018
2017/2018,Premier League 2017-2018,14,Watford,38,11,8,19,44,64,-20,41,2017,2018
2017/2018,Premier League 2017-2018,15,Brighton,38,9,13,16,34,54,-20,40,2017,2018
2017/2018,Premier League 2017-2018,16,Huddersfield Town,38,9,10,19,28,58,-30,37,2017,2018
2017/2018,Premier League 2017-2018,17,Southampton,38,7,15,16,37,56,-19,36,2017,2018
2017/2018,Premier League 2017-2018,18,Swansea City,38,8,9,21,28,56,-28,33,2017,2018
2017/2018,Premier League 2017-2018,19,Stoke City,38,7,12,19,35,68,-33,33,2017,2018
2017/2018,Premier League 2017-2018,20,West Bromwich Albion,38,6,13,19,31,56,-25,31,2017,2018
2016/2017,Premier League 2016-2017,1,Chelsea,38,30,3,5,85,33,52,93,2016,2017
2016/2017,Premier League 2016-2017,2,Tottenham Hotspur ,38,26,8,4,86,26,60,86,2016,2017
2016/2017,Premier League 2016-2017,3,Manchester City,38,23,9,6,80,39,41,78,2016,2017
2016/2017,Premier League 2016-2017,4,Liverpool,38,22,10,6,78,42,36,76,2016,2017
2016/2017,Premier League 2016-2017,5,Arsenal,38,23,6,9,77,44,33,75,2016,2017
2016/2017,Premier League 2016-2017,6,Manchester United,38,18,15,5,54,29,25,69,2016,2017
2016/2017,Premier League 2016-2017,7,Everton,38,17,10,11,62,44,18,61,2016,2017
2016/2017,Premier League 2016-2017,8,Southampton,38,12,10,16,41,48,-7,46,2016,2017
2016/2017,Premier League 2016-2017,9,Bournemouth,38,12,10,16,55,67,-12,46,2016,2017
2016/2017,Premier League 2016-2017,10,West Bromwich Albion,38,12,9,17,43,51,-8,45,2016,2017
2016/2017,Premier League 2016-2017,11,West Ham United,38,12,9,17,47,64,-17,45,2016,2017
2016/2017,Premier League 2016-2017,12,Leicester City,38,12,8,18,48,63,-15,44,2016,2017
2016/2017,Premier League 2016-2017,13,Stoke City,38,11,11,16,41,56,-15,44,2016,2017
2016/2017,Premier League 2016-2017,14,Crystal Palace,38,12,5,21,50,63,-13,41,2016,2017
2016/2017,Premier League 2016-2017,15,Swansea City,38,12,5,21,45,70,-25,41,2016,2017
2016/2017,Premier League 2016-2017,16,Burnley,38,11,7,20,39,55,-16,40,2016,2017
2016/2017,Premier League 2016-2017,17,Watford,38,11,7,20,40,68,-28,40,2016,2017
2016/2017,Premier League 2016-2017,18,Hull City,38,9,7,22,37,80,-43,34,2016,2017
2016/2017,Premier League 2016-2017,19,Middlesbrough,38,5,13,20,27,53,-26,28,2016,2017
2016/2017,Premier League 2016-2017,20,Sunderland,38,6,6,26,29,69,-40,24,2016,2017
2015/2016,Premier League 2015-2016,1,Leicester City,38,23,12,3,68,36,32,81,2015,2016
2015/2016,Premier League 2015-2016,2,Arsenal,38,20,11,7,65,36,29,71,2015,2016
2015/2016,Premier League 2015-2016,3,Tottenham Hotspur ,38,19,13,6,69,35,34,70,2015,2016
2015/2016,Premier League 2015-2016,4,Manchester City,38,19,9,10,71,41,30,66,2015,2016
2015/2016,Premier League 2015-2016,5,Manchester United,38,19,9,10,49,35,14,66,2015,2016
2015/2016,Premier League 2015-2016,6,Southampton,38,18,9,11,59,41,18,63,2015,2016
2015/2016,Premier League 2015-2016,7,West Ham United,38,16,14,8,65,51,14,62,2015,2016
2015/2016,Premier League 2015-2016,8,Liverpool,38,16,12,10,63,50,13,60,2015,2016
2015/2016,Premier League 2015-2016,9,Stoke City,38,14,9,15,41,55,-14,51,2015,2016
2015/2016,Premier League 2015-2016,10,Chelsea,38,12,14,12,59,53,6,50,2015,2016
2015/2016,Premier League 2015-2016,11,Everton,38,11,14,13,59,55,4,47,2015,2016
2015/2016,Premier League 2015-2016,12,Swansea City,38,12,11,15,42,52,-10,47,2015,2016
2015/2016,Premier League 2015-2016,13,Watford,38,12,9,17,40,50,-10,45,2015,2016
2015/2016,Premier League 2015-2016,14,West Bromwich Albion,38,10,13,15,34,48,-14,43,2015,2016
2015/2016,Premier League 2015-2016,15,Crystal Palace,38,11,9,18,39,51,-12,42,2015,2016
2015/2016,Premier League 2015-2016,16,Bournemouth,38,11,9,18,45,67,-22,42,2015,2016
2015/2016,Premier League 2015-2016,17,Sunderland,38,9,12,17,48,62,-14,39,2015,2016
2015/2016,Premier League 2015-2016,18,Newcastle United,38,9,10,19,44,65,-21,37,2015,2016
2015/2016,Premier League 2015-2016,19,Norwich City,38,9,7,22,39,67,-28,34,2015,2016
2015/2016,Premier League 2015-2016,20,Aston Villa,38,3,8,27,27,76,-49,17,2015,2016
2014/2015,Barclaycard Premier League 2014-2015,1,Chelsea,38,26,9,3,73,32,41,87,2014,2015
2014/2015,Barclaycard Premier League 2014-2015,2,Manchester City,38,24,7,7,83,38,45,79,2014,2015
2014/2015,Barclaycard Premier League 2014-2015,3,Arsenal,38,22,9,7,71,36,35,75,2014,2015
2014/2015,Barclaycard Premier League 2014-2015,4,Manchester United,38,20,10,8,62,37,25,70,2014,2015
2014/2015,Barclaycard Premier League 2014-2015,5,Tottenham Hotspur ,38,19,7,12,58,53,5,64,2014,2015
2014/2015,Barclaycard Premier League 2014-2015,6,Liverpool,38,18,8,12,52,48,4,62,2014,2015
2014/2015,Barclaycard Premier League 2014-2015,7,Southampton,38,18,6,14,54,33,21,60,2014,2015
2014/2015,Barclaycard Premier League 2014-2015,8,Swansea City,38,16,8,14,46,49,-3,56,2014,2015
2014/2015,Barclaycard Premier League 2014-2015,9,Stoke City,38,15,9,14,48,45,3,54,2014,2015
2014/2015,Barclaycard Premier League 2014-2015,10,Crystal Palace,38,13,9,16,47,51,-4,48,2014,2015
2014/2015,Barclaycard Premier League 2014-2015,11,Everton,38,12,11,15,48,50,-2,47,2014,2015
2014/2015,Barclaycard Premier League 2014-2015,12,West Ham United,38,12,11,15,44,47,-3,47,2014,2015
2014/2015,Barclaycard Premier League 2014-2015,13,West Bromwich Albion,38,11,11,16,38,51,-13,44,2014,2015
2014/2015,Barclaycard Premier League 2014-2015,14,Leicester City,38,11,8,19,46,55,-9,41,2014,2015
2014/2015,Barclaycard Premier League 2014-2015,15,Newcastle United,38,10,9,19,40,63,-23,39,2014,2015
2014/2015,Barclaycard Premier League 2014-2015,16,Sunderland,38,7,17,14,31,53,-22,38,2014,2015
2014/2015,Barclaycard Premier League 2014-2015,17,Aston Villa,38,10,8,20,31,57,-26,38,2014,2015
2014/2015,Barclaycard Premier League 2014-2015,18,Hull City,38,8,11,19,33,51,-18,35,2014,2015
2014/2015,Barclaycard Premier League 2014-2015,19,Burnley,38,7,12,19,28,53,-25,33,2014,2015
2014/2015,Barclaycard Premier League 2014-2015,20,Queens Park Rangers,38,8,6,24,42,73,-31,30,2014,2015
2013/2014,Barclaycard Premier League 2013-2014,1,Manchester City,38,27,5,6,102,37,65,86,2013,2014
2013/2014,Barclaycard Premier League 2013-2014,2,Liverpool,38,26,6,6,101,50,51,84,2013,2014
2013/2014,Barclaycard Premier League 2013-2014,3,Chelsea,38,25,7,6,71,27,44,82,2013,2014
2013/2014,Barclaycard Premier League 2013-2014,4,Arsenal,38,24,7,7,68,41,27,79,2013,2014
2013/2014,Barclaycard Premier League 2013-2014,5,Everton,38,21,9,8,61,39,22,72,2013,2014
2013/2014,Barclaycard Premier League 2013-2014,6,Tottenham Hotspur ,38,21,6,11,55,51,4,69,2013,2014
2013/2014,Barclaycard Premier League 2013-2014,7,Manchester United,38,19,7,12,64,43,21,64,2013,2014
2013/2014,Barclaycard Premier League 2013-2014,8,Southampton,38,15,11,12,54,46,8,56,2013,2014
2013/2014,Barclaycard Premier League 2013-2014,9,Stoke City,38,13,11,14,45,52,-7,50,2013,2014
2013/2014,Barclaycard Premier League 2013-2014,10,Newcastle United,38,15,4,19,43,59,-16,49,2013,2014
2013/2014,Barclaycard Premier League 2013-2014,11,Crystal Palace,38,13,6,19,33,48,-15,45,2013,2014
2013/2014,Barclaycard Premier League 2013-2014,12,Swansea City,38,11,9,18,54,54,0,42,2013,2014
2013/2014,Barclaycard Premier League 2013-2014,13,West Ham United,38,11,7,20,40,51,-11,40,2013,2014
2013/2014,Barclaycard Premier League 2013-2014,14,Sunderland,38,10,8,20,41,60,-19,38,2013,2014
2013/2014,Barclaycard Premier League 2013-2014,15,Aston Villa,38,10,8,20,39,61,-22,38,2013,2014
2013/2014,Barclaycard Premier League 2013-2014,16,Hull City,38,10,7,21,38,53,-15,37,2013,2014
2013/2014,Barclaycard Premier League 2013-2014,17,West Bromwich Albion,38,7,15,16,43,59,-16,36,2013,2014
2013/2014,Barclaycard Premier League 2013-2014,18,Norwich City,38,8,9,21,28,62,-34,33,2013,2014
2013/2014,Barclaycard Premier League 2013-2014,19,Fulham,38,9,5,24,40,85,-45,32,2013,2014
2013/2014,Barclaycard Premier League 2013-2014,20,Cardiff City,38,7,9,22,32,74,-42,30,2013,2014
2012/2013,Barclaycard Premier League 2012-2013,1,Manchester United,38,28,5,5,86,43,43,89,2012,2013
2012/2013,Barclaycard Premier League 2012-2013,2,Manchester City,38,23,9,6,66,34,32,78,2012,2013
2012/2013,Barclaycard Premier League 2012-2013,3,Chelsea,38,22,9,7,75,39,36,75,2012,2013
2012/2013,Barclaycard Premier League 2012-2013,4,Arsenal,38,21,10,7,72,37,35,73,2012,2013
2012/2013,Barclaycard Premier League 2012-2013,5,Tottenham Hotspur ,38,21,9,8,66,46,20,72,2012,2013
2012/2013,Barclaycard Premier League 2012-2013,6,Everton,38,16,15,7,55,40,15,63,2012,2013
2012/2013,Barclaycard Premier League 2012-2013,7,Liverpool,38,16,13,9,71,43,28,61,2012,2013
2012/2013,Barclaycard Premier League 2012-2013,8,West Bromwich Albion,38,14,7,17,53,57,-4,49,2012,2013
2012/2013,Barclaycard Premier League 2012-2013,9,Swansea City,38,11,13,14,47,51,-4,46,2012,2013
2012/2013,Barclaycard Premier League 2012-2013,10,West Ham United,38,12,10,16,45,53,-8,46,2012,2013
2012/2013,Barclaycard Premier League 2012-2013,11,Norwich City,38,10,14,14,41,58,-17,44,2012,2013
2012/2013,Barclaycard Premier League 2012-2013,12,Fulham,38,11,10,17,50,60,-10,43,2012,2013
2012/2013,Barclaycard Premier League 2012-2013,13,Stoke City,38,9,15,14,34,45,-11,42,2012,2013
2012/2013,Barclaycard Premier League 2012-2013,14,Southampton,38,9,14,15,49,60,-11,41,2012,2013
2012/2013,Barclaycard Premier League 2012-2013,15,Aston Villa,38,10,11,17,47,69,-22,41,2012,2013
2012/2013,Barclaycard Premier League 2012-2013,16,Newcastle United,38,11,8,19,45,68,-23,41,2012,2013
2012/2013,Barclaycard Premier League 2012-2013,17,Sunderland,38,9,12,17,41,54,-13,39,2012,2013
2012/2013,Barclaycard Premier League 2012-2013,18,Wigan,38,9,9,20,47,73,-26,36,2012,2013
2012/2013,Barclaycard Premier League 2012-2013,19,Reading,38,6,10,22,43,73,-30,28,2012,2013
2012/2013,Barclaycard Premier League 2012-2013,20,Queens Park Rangers,38,4,13,21,30,60,-30,25,2012,2013
2011/2012,Barclaycard Premier League 2011-2012,1,Manchester City,38,28,5,5,93,29,64,89,2011,2012
2011/2012,Barclaycard Premier League 2011-2012,2,Manchester United,38,28,5,5,89,33,56,89,2011,2012
2011/2012,Barclaycard Premier League 2011-2012,3,Arsenal,38,21,7,10,74,49,25,70,2011,2012
2011/2012,Barclaycard Premier League 2011-2012,4,Tottenham Hotspur ,38,20,9,9,66,41,25,69,2011,2012
2011/2012,Barclaycard Premier League 2011-2012,5,Newcastle United,38,19,8,11,56,51,5,65,2011,2012
2011/2012,Barclaycard Premier League 2011-2012,6,Chelsea,38,18,10,10,65,46,19,64,2011,2012
2011/2012,Barclaycard Premier League 2011-2012,7,Everton,38,15,11,12,50,40,10,56,2011,2012
2011/2012,Barclaycard Premier League 2011-2012,8,Liverpool,38,14,10,14,47,40,7,52,2011,2012
2011/2012,Barclaycard Premier League 2011-2012,9,Fulham,38,14,10,14,48,51,-3,52,2011,2012
2011/2012,Barclaycard Premier League 2011-2012,10,West Bromwich Albion,38,13,8,17,45,52,-7,47,2011,2012
2011/2012,Barclaycard Premier League 2011-2012,11,Swansea City,38,12,11,15,44,51,-7,47,2011,2012
2011/2012,Barclaycard Premier League 2011-2012,12,Norwich City,38,12,11,15,52,66,-14,47,2011,2012
2011/2012,Barclaycard Premier League 2011-2012,13,Sunderland,38,11,12,15,45,46,-1,45,2011,2012
2011/2012,Barclaycard Premier League 2011-2012,14,Stoke City,38,11,12,15,36,53,-17,45,2011,2012
2011/2012,Barclaycard Premier League 2011-2012,15,Wigan,38,11,10,17,42,62,-20,43,2011,2012
2011/2012,Barclaycard Premier League 2011-2012,16,Aston Villa,38,7,17,14,37,53,-16,38,2011,2012
2011/2012,Barclaycard Premier League 2011-2012,17,Queens Park Rangers,38,10,7,21,43,66,-23,37,2011,2012
2011/2012,Barclaycard Premier League 2011-2012,18,Bolton Wanderers,38,10,6,22,46,77,-31,36,2011,2012
2011/2012,Barclaycard Premier League 2011-2012,19,Blackburn Rovers,38,8,7,23,48,78,-30,31,2011,2012
2011/2012,Barclaycard Premier League 2011-2012,20,Wolverhampton Wanderers,38,5,10,23,40,82,-42,25,2011,2012
2010/2011,Barclaycard Premier League 2010-2011,1,Manchester United,38,23,11,4,78,37,41,80,2010,2011
2010/2011,Barclaycard Premier League 2010-2011,2,Chelsea,38,21,8,9,69,33,36,71,2010,2011
2010/2011,Barclaycard Premier League 2010-2011,3,Manchester City,38,21,8,9,60,33,27,71,2010,2011
2010/2011,Barclaycard Premier League 2010-2011,4,Arsenal,38,19,11,8,72,43,29,68,2010,2011
2010/2011,Barclaycard Premier League 2010-2011,5,Tottenham Hotspur ,38,16,14,8,55,46,9,62,2010,2011
2010/2011,Barclaycard Premier League 2010-2011,6,Liverpool,38,17,7,14,59,44,15,58,2010,2011
2010/2011,Barclaycard Premier League 2010-2011,7,Everton,38,13,15,10,51,45,6,54,2010,2011
2010/2011,Barclaycard Premier League 2010-2011,8,Fulham,38,11,16,11,49,43,6,49,2010,2011
2010/2011,Barclaycard Premier League 2010-2011,9,Aston Villa,38,12,12,14,48,59,-11,48,2010,2011
2010/2011,Barclaycard Premier League 2010-2011,10,Sunderland,38,12,11,15,45,56,-11,47,2010,2011
2010/2011,Barclaycard Premier League 2010-2011,11,West Bromwich Albion,38,12,11,15,56,71,-15,47,2010,2011
2010/2011,Barclaycard Premier League 2010-2011,12,Newcastle United,38,11,13,14,56,57,-1,46,2010,2011
2010/2011,Barclaycard Premier League 2010-2011,13,Stoke City,38,13,7,18,46,48,-2,46,2010,2011
2010/2011,Barclaycard Premier League 2010-2011,14,Bolton Wanderers,38,12,10,16,52,56,-4,46,2010,2011
2010/2011,Barclaycard Premier League 2010-2011,15,Blackburn Rovers,38,11,10,17,46,59,-13,43,2010,2011
2010/2011,Barclaycard Premier League 2010-2011,16,Wigan,38,9,15,14,40,61,-21,42,2010,2011
2010/2011,Barclaycard Premier League 2010-2011,17,Wolverhampton Wanderers,38,11,7,20,46,66,-20,40,2010,2011
2010/2011,Barclaycard Premier League 2010-2011,18,Birmingham City,38,8,15,15,37,58,-21,39,2010,2011
2010/2011,Barclaycard Premier League 2010-2011,19,Blackpool,38,10,9,19,55,78,-23,39,2010,2011
2010/2011,Barclaycard Premier League 2010-2011,20,West Ham United,38,7,12,19,43,70,-27,33,2010,2011
2009/2010,Barclaycard Premier League 2009-2010,1,Chelsea,38,27,5,6,103,32,71,86,2009,2010
2009/2010,Barclaycard Premier League 2009-2010,2,Manchester United,38,27,4,7,86,28,58,85,2009,2010
2009/2010,Barclaycard Premier League 2009-2010,3,Arsenal,38,23,6,9,83,41,42,75,2009,2010
2009/2010,Barclaycard Premier League 2009-2010,4,Tottenham Hotspur ,38,21,7,10,67,41,26,70,2009,2010
2009/2010,Barclaycard Premier League 2009-2010,5,Manchester City,38,18,13,7,73,45,28,67,2009,2010
2009/2010,Barclaycard Premier League 2009-2010,6,Aston Villa,38,17,13,8,52,39,13,64,2009,2010
2009/2010,Barclaycard Premier League 2009-2010,7,Liverpool,38,18,9,11,61,35,26,63,2009,2010
2009/2010,Barclaycard Premier League 2009-2010,8,Everton,38,16,13,9,60,49,11,61,2009,2010
2009/2010,Barclaycard Premier League 2009-2010,9,Birmingham City,38,13,11,14,38,47,-9,50,2009,2010
2009/2010,Barclaycard Premier League 2009-2010,10,Blackburn Rovers,38,13,11,14,41,55,-14,50,2009,2010
2009/2010,Barclaycard Premier League 2009-2010,11,Stoke City,38,11,14,13,34,48,-14,47,2009,2010
2009/2010,Barclaycard Premier League 2009-2010,12,Fulham,38,12,10,16,39,46,-7,46,2009,2010
2009/2010,Barclaycard Premier League 2009-2010,13,Sunderland,38,11,11,16,48,56,-8,44,2009,2010
2009/2010,Barclaycard Premier League 2009-2010,14,Bolton Wanderers,38,10,9,19,42,67,-25,39,2009,2010
2009/2010,Barclaycard Premier League 2009-2010,15,Wolverhampton Wanderers,38,9,11,18,32,56,-24,38,2009,2010
2009/2010,Barclaycard Premier League 2009-2010,16,Wigan,38,9,9,20,37,79,-42,36,2009,2010
2009/2010,Barclaycard Premier League 2009-2010,17,West Ham United,38,8,11,19,47,66,-19,35,2009,2010
2009/2010,Barclaycard Premier League 2009-2010,18,Burnley,38,8,6,24,42,82,-40,30,2009,2010
2009/2010,Barclaycard Premier League 2009-2010,19,Hull City,38,6,12,20,34,75,-41,30,2009,2010
2009/2010,Barclaycard Premier League 2009-2010,20,Portsmouth,38,7,7,24,34,66,-32,19,2009,2010
2008/2009,Barclaycard Premier League 2008-2009,1,Manchester United,38,28,6,4,68,24,44,90,2008,2009
2008/2009,Barclaycard Premier League 2008-2009,2,Liverpool,38,25,11,2,77,27,50,86,2008,2009
2008/2009,Barclaycard Premier League 2008-2009,3,Chelsea,38,25,8,5,68,24,44,83,2008,2009
2008/2009,Barclaycard Premier League 2008-2009,4,Arsenal,38,20,12,6,68,37,31,72,2008,2009
2008/2009,Barclaycard Premier League 2008-2009,5,Everton,38,17,12,9,55,37,18,63,2008,2009
2008/2009,Barclaycard Premier League 2008-2009,6,Aston Villa,38,17,11,10,54,48,6,62,2008,2009
2008/2009,Barclaycard Premier League 2008-2009,7,Fulham,38,14,11,13,39,34,5,53,2008,2009
2008/2009,Barclaycard Premier League 2008-2009,8,Tottenham Hotspur ,38,14,9,15,45,45,0,51,2008,2009
2008/2009,Barclaycard Premier League 2008-2009,9,West Ham United,38,14,9,15,42,45,-3,51,2008,2009
2008/2009,Barclaycard Premier League 2008-2009,10,Manchester City,38,15,5,18,58,50,8,50,2008,2009
2008/2009,Barclaycard Premier League 2008-2009,11,Wigan,38,12,9,17,34,45,-11,45,2008,2009
2008/2009,Barclaycard Premier League 2008-2009,12,Stoke City,38,12,9,17,38,55,-17,45,2008,2009
2008/2009,Barclaycard Premier League 2008-2009,13,Bolton Wanderers,38,11,8,19,41,53,-12,41,2008,2009
2008/2009,Barclaycard Premier League 2008-2009,14,Portsmouth,38,10,11,17,38,57,-19,41,2008,2009
2008/2009,Barclaycard Premier League 2008-2009,15,Blackburn Rovers,38,10,11,17,40,60,-20,41,2008,2009
2008/2009,Barclaycard Premier League 2008-2009,16,Sunderland,38,9,9,20,34,54,-20,36,2008,2009
2008/2009,Barclaycard Premier League 2008-2009,17,Hull City,38,8,11,19,39,64,-25,35,2008,2009
2008/2009,Barclaycard Premier League 2008-2009,18,Newcastle United,38,7,13,18,40,59,-19,34,2008,2009
2008/2009,Barclaycard Premier League 2008-2009,19,Middlesbrough,38,7,11,20,28,57,-29,32,2008,2009
2008/2009,Barclaycard Premier League 2008-2009,20,West Bromwich Albion,38,8,8,22,36,67,-31,32,2008,2009
2007/2008,Barclaycard Premier League 2007-2008,1,Manchester United,38,27,6,5,80,22,58,87,2007,2008
2007/2008,Barclaycard Premier League 2007-2008,2,Chelsea,38,25,10,3,65,26,39,85,2007,2008
2007/2008,Barclaycard Premier League 2007-2008,3,Arsenal,38,24,11,3,75,31,44,83,2007,2008
2007/2008,Barclaycard Premier League 2007-2008,4,Liverpool,38,21,13,4,67,28,39,76,2007,2008
2007/2008,Barclaycard Premier League 2007-2008,5,Everton,38,19,8,11,55,33,22,65,2007,2008
2007/2008,Barclaycard Premier League 2007-2008,6,Aston Villa,38,16,12,10,71,51,20,60,2007,2008
2007/2008,Barclaycard Premier League 2007-2008,7,Blackburn Rovers,38,15,13,10,50,48,2,58,2007,2008
2007/2008,Barclaycard Premier League 2007-2008,8,Portsmouth,38,16,9,13,48,40,8,57,2007,2008
2007/2008,Barclaycard Premier League 2007-2008,9,Manchester City,38,15,10,13,45,53,-8,55,2007,2008
2007/2008,Barclaycard Premier League 2007-2008,10,West Ham United,38,13,10,15,42,50,-8,49,2007,2008
2007/2008,Barclaycard Premier League 2007-2008,11,Tottenham Hotspur ,38,11,13,14,66,61,5,46,2007,2008
2007/2008,Barclaycard Premier League 2007-2008,12,Newcastle United,38,11,10,17,45,65,-20,43,2007,2008
2007/2008,Barclaycard Premier League 2007-2008,13,Middlesbrough,38,10,12,16,43,53,-10,42,2007,2008
2007/2008,Barclaycard Premier League 2007-2008,14,Wigan,38,10,10,18,34,51,-17,40,2007,2008
2007/2008,Barclaycard Premier League 2007-2008,15,Sunderland,38,11,6,21,36,60,-24,39,2007,2008
2007/2008,Barclaycard Premier League 2007-2008,16,Bolton Wanderers,38,9,10,19,36,54,-18,37,2007,2008
2007/2008,Barclaycard Premier League 2007-2008,17,Fulham,38,8,12,18,38,60,-22,36,2007,2008
2007/2008,Barclaycard Premier League 2007-2008,18,Reading,38,10,6,22,41,66,-25,36,2007,2008
2007/2008,Barclaycard Premier League 2007-2008,19,Birmingham City,38,8,11,19,46,62,-16,35,2007,2008
2007/2008,Barclaycard Premier League 2007-2008,20,Derby County,38,1,8,29,20,89,-69,11,2007,2008
2006/2007,Barclaycard Premier League 2006-2007,1,Manchester United,38,28,5,5,83,27,56,89,2006,2007
2006/2007,Barclaycard Premier League 2006-2007,2,Chelsea,38,24,11,3,64,24,40,83,2006,2007
2006/2007,Barclaycard Premier League 2006-2007,3,Liverpool,38,20,8,10,57,27,30,68,2006,2007
2006/2007,Barclaycard Premier League 2006-2007,4,Arsenal,38,19,11,8,63,35,28,68,2006,2007
2006/2007,Barclaycard Premier League 2006-2007,5,Tottenham Hotspur ,38,17,9,12,57,54,3,60,2006,2007
2006/2007,Barclaycard Premier League 2006-2007,6,Everton,38,15,13,10,52,36,16,58,2006,2007
2006/2007,Barclaycard Premier League 2006-2007,7,Bolton Wanderers,38,16,8,14,47,52,-5,56,2006,2007
2006/2007,Barclaycard Premier League 2006-2007,8,Reading,38,16,7,15,52,47,5,55,2006,2007
2006/2007,Barclaycard Premier League 2006-2007,9,Portsmouth,38,14,12,12,45,42,3,54,2006,2007
2006/2007,Barclaycard Premier League 2006-2007,10,Blackburn Rovers,38,15,7,16,52,54,-2,52,2006,2007
2006/2007,Barclaycard Premier League 2006-2007,11,Aston Villa,38,11,17,10,43,41,2,50,2006,2007
2006/2007,Barclaycard Premier League 2006-2007,12,Middlesbrough,38,12,10,16,44,49,-5,46,2006,2007
2006/2007,Barclaycard Premier League 2006-2007,13,Newcastle United,38,11,10,17,38,47,-9,43,2006,2007
2006/2007,Barclaycard Premier League 2006-2007,14,Manchester City,38,11,9,18,29,44,-15,42,2006,2007
2006/2007,Barclaycard Premier League 2006-2007,15,West Ham United,38,12,5,21,35,59,-24,41,2006,2007
2006/2007,Barclaycard Premier League 2006-2007,16,Fulham,38,8,15,15,38,60,-22,39,2006,2007
2006/2007,Barclaycard Premier League 2006-2007,17,Wigan,38,10,8,20,37,59,-22,38,2006,2007
2006/2007,Barclaycard Premier League 2006-2007,18,Sheffield United,38,10,8,20,32,55,-23,38,2006,2007
2006/2007,Barclaycard Premier League 2006-2007,19,Charlton Athletic,38,8,10,20,34,60,-26,34,2006,2007
2006/2007,Barclaycard Premier League 2006-2007,20,Watford,38,5,13,20,29,59,-30,28,2006,2007
2005/2006,Barclaycard Premier League 2005-2006,1,Chelsea,38,29,4,5,72,22,50,91,2005,2006
2005/2006,Barclaycard Premier League 2005-2006,2,Manchester United,38,25,8,5,72,34,38,83,2005,2006
2005/2006,Barclaycard Premier League 2005-2006,3,Liverpool,38,25,7,6,57,25,32,82,2005,2006
2005/2006,Barclaycard Premier League 2005-2006,4,Arsenal,38,20,7,11,68,31,37,67,2005,2006
2005/2006,Barclaycard Premier League 2005-2006,5,Tottenham Hotspur ,38,18,11,9,53,38,15,65,2005,2006
2005/2006,Barclaycard Premier League 2005-2006,6,Blackburn Rovers,38,19,6,13,51,42,9,63,2005,2006
2005/2006,Barclaycard Premier League 2005-2006,7,Newcastle United,38,17,7,14,47,42,5,58,2005,2006
2005/2006,Barclaycard Premier League 2005-2006,8,Bolton Wanderers,38,15,11,12,49,41,8,56,2005,2006
2005/2006,Barclaycard Premier League 2005-2006,9,West Ham United,38,16,7,15,52,55,-3,55,2005,2006
2005/2006,Barclaycard Premier League 2005-2006,10,Wigan,38,15,6,17,45,52,-7,51,2005,2006
2005/2006,Barclaycard Premier League 2005-2006,11,Everton,38,14,8,16,34,49,-15,50,2005,2006
2005/2006,Barclaycard Premier League 2005-2006,12,Fulham,38,14,6,18,48,58,-10,48,2005,2006
2005/2006,Barclaycard Premier League 2005-2006,13,Charlton Athletic,38,13,8,17,41,55,-14,47,2005,2006
2005/2006,Barclaycard Premier League 2005-2006,14,Middlesbrough,38,12,9,17,48,58,-10,45,2005,2006
2005/2006,Barclaycard Premier League 2005-2006,15,Manchester City,38,13,4,21,43,48,-5,43,2005,2006
2005/2006,Barclaycard Premier League 2005-2006,16,Aston Villa,38,10,12,16,42,55,-13,42,2005,2006
2005/2006,Barclaycard Premier League 2005-2006,17,Portsmouth,38,10,8,20,37,62,-25,38,2005,2006
2005/2006,Barclaycard Premier League 2005-2006,18,Birmingham City,38,8,10,20,28,50,-22,34,2005,2006
2005/2006,Barclaycard Premier League 2005-2006,19,West Bromwich Albion,38,7,9,22,31,58,-27,30,2005,2006
2005/2006,Barclaycard Premier League 2005-2006,20,Sunderland,38,3,6,29,26,69,-43,15,2005,2006
2004/2005,Barclaycard Premier League 2004-2005,1,Chelsea,38,29,8,1,72,15,57,95,2004,2005
2004/2005,Barclaycard Premier League 2004-2005,2,Arsenal,38,25,8,5,87,36,51,83,2004,2005
2004/2005,Barclaycard Premier League 2004-2005,3,Manchester United,38,22,11,5,58,26,32,77,2004,2005
2004/2005,Barclaycard Premier League 2004-2005,4,Everton,38,18,7,13,45,46,-1,61,2004,2005
2004/2005,Barclaycard Premier League 2004-2005,5,Liverpool,38,17,7,14,52,41,11,58,2004,2005
2004/2005,Barclaycard Premier League 2004-2005,6,Bolton Wanderers,38,16,10,12,49,44,5,58,2004,2005
2004/2005,Barclaycard Premier League 2004-2005,7,Middlesbrough,38,14,13,11,53,46,7,55,2004,2005
2004/2005,Barclaycard Premier League 2004-2005,8,Manchester City,38,13,13,12,47,39,8,52,2004,2005
2004/2005,Barclaycard Premier League 2004-2005,9,Tottenham Hotspur ,38,14,10,14,47,41,6,52,2004,2005
2004/2005,Barclaycard Premier League 2004-2005,10,Aston Villa,38,12,11,15,45,52,-7,47,2004,2005
2004/2005,Barclaycard Premier League 2004-2005,11,Charlton Athletic,38,12,10,16,42,58,-16,46,2004,2005
2004/2005,Barclaycard Premier League 2004-2005,12,Birmingham City,38,11,12,15,40,46,-6,45,2004,2005
2004/2005,Barclaycard Premier League 2004-2005,13,Fulham,38,12,8,18,52,60,-8,44,2004,2005
2004/2005,Barclaycard Premier League 2004-2005,14,Newcastle United,38,10,14,14,47,57,-10,44,2004,2005
2004/2005,Barclaycard Premier League 2004-2005,15,Blackburn Rovers,38,9,15,14,32,43,-11,42,2004,2005
2004/2005,Barclaycard Premier League 2004-2005,16,Portsmouth,38,10,9,19,43,59,-16,39,2004,2005
2004/2005,Barclaycard Premier League 2004-2005,17,West Bromwich Albion,38,6,16,16,36,61,-25,34,2004,2005
2004/2005,Barclaycard Premier League 2004-2005,18,Crystal Palace,38,7,12,19,41,62,-21,33,2004,2005
2004/2005,Barclaycard Premier League 2004-2005,19,Norwich City,38,7,12,19,42,77,-35,33,2004,2005
2004/2005,Barclaycard Premier League 2004-2005,20,Southampton,38,6,14,18,45,66,-21,32,2004,2005
2003/2004,Barclaycard Premier League 2003-2004,1,Arsenal,38,26,12,0,73,26,47,90,2003,2004
2003/2004,Barclaycard Premier League 2003-2004,2,Chelsea,38,24,7,7,67,30,37,79,2003,2004
2003/2004,Barclaycard Premier League 2003-2004,3,Manchester United,38,23,6,9,64,35,29,75,2003,2004
2003/2004,Barclaycard Premier League 2003-2004,4,Liverpool,38,16,12,10,55,37,18,60,2003,2004
2003/2004,Barclaycard Premier League 2003-2004,5,Newcastle United,38,13,17,8,52,40,12,56,2003,2004
2003/2004,Barclaycard Premier League 2003-2004,6,Aston Villa,38,15,11,12,48,44,4,56,2003,2004
2003/2004,Barclaycard Premier League 2003-2004,7,Charlton Athletic,38,14,11,13,51,51,0,53,2003,2004
2003/2004,Barclaycard Premier League 2003-2004,8,Bolton Wanderers,38,14,11,13,48,56,-8,53,2003,2004
2003/2004,Barclaycard Premier League 2003-2004,9,Fulham,38,14,9,15,52,47,5,51,2003,2004
2003/2004,Barclaycard Premier League 2003-2004,10,Birmingham City,38,12,14,12,43,48,-5,50,2003,2004
2003/2004,Barclaycard Premier League 2003-2004,11,Middlesbrough,38,13,9,16,44,52,-8,48,2003,2004
2003/2004,Barclaycard Premier League 2003-2004,12,Southampton,38,12,11,15,44,45,-1,47,2003,2004
2003/2004,Barclaycard Premier League 2003-2004,13,Portsmouth,38,13,8,17,48,54,-6,47,2003,2004
2003/2004,Barclaycard Premier League 2003-2004,14,Tottenham Hotspur ,38,13,6,19,47,57,-10,45,2003,2004
2003/2004,Barclaycard Premier League 2003-2004,15,Blackburn Rovers,38,12,8,18,51,59,-8,44,2003,2004
2003/2004,Barclaycard Premier League 2003-2004,16,Manchester City,38,9,14,15,55,54,1,41,2003,2004
2003/2004,Barclaycard Premier League 2003-2004,17,Everton,38,9,12,17,45,57,-12,39,2003,2004
2003/2004,Barclaycard Premier League 2003-2004,18,Leicester City,38,6,15,17,48,65,-17,33,2003,2004
2003/2004,Barclaycard Premier League 2003-2004,19,Leeds United,38,8,9,21,40,79,-39,33,2003,2004
2003/2004,Barclaycard Premier League 2003-2004,20,Wolverhampton Wanderers,38,7,12,19,38,77,-39,33,2003,2004
2002/2003,Barclaycard Premiership 2002-2003,1,Manchester United,38,25,8,5,74,34,40,83,2002,2003
2002/2003,Barclaycard Premiership 2002-2003,2,Arsenal,38,23,9,6,85,42,43,78,2002,2003
2002/2003,Barclaycard Premiership 2002-2003,3,Newcastle United,38,21,6,11,63,48,15,69,2002,2003
2002/2003,Barclaycard Premiership 2002-2003,4,Chelsea,38,19,10,9,68,38,30,67,2002,2003
2002/2003,Barclaycard Premiership 2002-2003,5,Liverpool,38,18,10,10,61,41,20,64,2002,2003
2002/2003,Barclaycard Premiership 2002-2003,6,Blackburn Rovers,38,16,12,10,52,43,9,60,2002,2003
2002/2003,Barclaycard Premiership 2002-2003,7,Everton,38,17,8,13,48,49,-1,59,2002,2003
2002/2003,Barclaycard Premiership 2002-2003,8,Southampton,38,13,13,12,43,46,-3,52,2002,2003
2002/2003,Barclaycard Premiership 2002-2003,9,Manchester City,38,15,6,17,47,54,-7,51,2002,2003
2002/2003,Barclaycard Premiership 2002-2003,10,Tottenham Hotspur ,38,14,8,16,51,62,-11,50,2002,2003
2002/2003,Barclaycard Premiership 2002-2003,11,Middlesbrough,38,13,10,15,48,44,4,49,2002,2003
2002/2003,Barclaycard Premiership 2002-2003,12,Charlton Athletic,38,14,7,17,45,56,-11,49,2002,2003
2002/2003,Barclaycard Premiership 2002-2003,13,Birmingham City,38,13,9,16,41,49,-8,48,2002,2003
2002/2003,Barclaycard Premiership 2002-2003,14,Fulham,38,13,9,16,41,50,-9,48,2002,2003
2002/2003,Barclaycard Premiership 2002-2003,15,Leeds United,38,14,5,19,58,57,1,47,2002,2003
2002/2003,Barclaycard Premiership 2002-2003,16,Aston Villa,38,12,9,17,42,47,-5,45,2002,2003
2002/2003,Barclaycard Premiership 2002-2003,17,Bolton Wanderers,38,10,14,14,41,51,-10,44,2002,2003
2002/2003,Barclaycard Premiership 2002-2003,18,West Ham United,38,10,12,16,42,59,-17,42,2002,2003
2002/2003,Barclaycard Premiership 2002-2003,19,West Bromwich Albion,38,6,8,24,29,65,-36,26,2002,2003
2002/2003,Barclaycard Premiership 2002-2003,20,Sunderland,38,4,7,27,21,65,-44,19,2002,2003
2001/2002,Barclaycard Premiership 2001-2002,1,Arsenal,38,26,9,3,79,36,43,87,2001,2002
2001/2002,Barclaycard Premiership 2001-2002,2,Liverpool,38,24,8,6,67,30,37,80,2001,2002
2001/2002,Barclaycard Premiership 2001-2002,3,Manchester United,38,24,5,9,87,45,42,77,2001,2002
2001/2002,Barclaycard Premiership 2001-2002,4,Newcastle United,38,21,8,9,74,52,22,71,2001,2002
2001/2002,Barclaycard Premiership 2001-2002,5,Leeds United,38,18,12,8,53,37,16,66,2001,2002
2001/2002,Barclaycard Premiership 2001-2002,6,Chelsea,38,17,13,8,66,38,28,64,2001,2002
2001/2002,Barclaycard Premiership 2001-2002,7,West Ham United,38,15,8,15,48,57,-9,53,2001,2002
2001/2002,Barclaycard Premiership 2001-2002,8,Aston Villa,38,12,14,12,46,47,-1,50,2001,2002
2001/2002,Barclaycard Premiership 2001-2002,9,Tottenham Hotspur ,38,14,8,16,49,53,-4,50,2001,2002
2001/2002,Barclaycard Premiership 2001-2002,10,Blackburn Rovers,38,12,10,16,55,51,4,46,2001,2002
2001/2002,Barclaycard Premiership 2001-2002,11,Southampton,38,12,9,17,46,54,-8,45,2001,2002
2001/2002,Barclaycard Premiership 2001-2002,12,Middlesbrough,38,12,9,17,35,47,-12,45,2001,2002
2001/2002,Barclaycard Premiership 2001-2002,13,Fulham,38,10,14,14,36,44,-8,44,2001,2002
2001/2002,Barclaycard Premiership 2001-2002,14,Charlton Athletic,38,10,14,14,38,49,-11,44,2001,2002
2001/2002,Barclaycard Premiership 2001-2002,15,Everton,38,11,10,17,45,57,-12,43,2001,2002
2001/2002,Barclaycard Premiership 2001-2002,16,Bolton Wanderers,38,9,13,16,44,62,-18,40,2001,2002
2001/2002,Barclaycard Premiership 2001-2002,17,Sunderland,38,10,10,18,29,51,-22,40,2001,2002
2001/2002,Barclaycard Premiership 2001-2002,18,Ipswich Town,38,9,9,20,41,64,-23,36,2001,2002
2001/2002,Barclaycard Premiership 2001-2002,19,Derby County,38,8,6,24,33,63,-30,30,2001,2002
2001/2002,Barclaycard Premiership 2001-2002,20,Leicester City,38,5,13,20,30,64,-34,28,2001,2002
2000/2001,FA Carling Premier 2000/2001,1,Manchester United,38,24,8,6,79,31,48,80,2000,2001
2000/2001,FA Carling Premier 2000/2001,2,Arsenal,38,20,10,8,63,38,25,70,2000,2001
2000/2001,FA Carling Premier 2000/2001,3,Liverpool,38,20,9,9,71,39,32,69,2000,2001
2000/2001,FA Carling Premier 2000/2001,4,Leeds United,38,20,8,10,64,43,21,68,2000,2001
2000/2001,FA Carling Premier 2000/2001,5,Ipswich Town,38,20,6,12,57,42,15,66,2000,2001
2000/2001,FA Carling Premier 2000/2001,6,Chelsea,38,17,10,11,68,45,23,61,2000,2001
2000/2001,FA Carling Premier 2000/2001,7,Sunderland,38,15,12,11,46,41,5,57,2000,2001
2000/2001,FA Carling Premier 2000/2001,8,Aston Villa,38,13,15,10,46,43,3,54,2000,2001
2000/2001,FA Carling Premier 2000/2001,9,Charlton Athletic,38,14,10,14,50,57,-7,52,2000,2001
2000/2001,FA Carling Premier 2000/2001,10,Southampton,38,14,10,14,40,48,-8,52,2000,2001
2000/2001,FA Carling Premier 2000/2001,11,Newcastle United,38,14,9,15,44,50,-6,51,2000,2001
2000/2001,FA Carling Premier 2000/2001,12,Tottenham Hotspur ,38,13,10,15,47,54,-7,49,2000,2001
2000/2001,FA Carling Premier 2000/2001,13,Leicester City,38,14,6,18,39,51,-12,48,2000,2001
2000/2001,FA Carling Premier 2000/2001,14,Middlesbrough,38,9,15,14,44,44,0,42,2000,2001
2000/2001,FA Carling Premier 2000/2001,15,West Ham United,38,10,12,16,45,50,-5,42,2000,2001
2000/2001,FA Carling Premier 2000/2001,16,Everton,38,11,9,18,45,59,-14,42,2000,2001
2000/2001,FA Carling Premier 2000/2001,17,Derby County,38,10,12,16,37,59,-22,42,2000,2001
2000/2001,FA Carling Premier 2000/2001,18,Manchester City,38,8,10,20,41,65,-24,34,2000,2001
2000/2001,FA Carling Premier 2000/2001,19,Coventry City,38,8,10,20,36,63,-27,34,2000,2001
2000/2001,FA Carling Premier 2000/2001,20,Bradford City,38,5,11,22,30,70,-40,26,2000,2001
1999/2000,FA Carling Premier 1999/2000,1,Manchester United,38,28,7,3,97,45,52,91,1999,2000
1999/2000,FA Carling Premier 1999/2000,2,Arsenal,38,22,7,9,73,43,30,73,1999,2000
1999/2000,FA Carling Premier 1999/2000,3,Leeds United,38,21,6,11,58,43,15,69,1999,2000
1999/2000,FA Carling Premier 1999/2000,4,Liverpool,38,19,10,9,51,30,21,67,1999,2000
1999/2000,FA Carling Premier 1999/2000,5,Chelsea,38,18,11,9,53,34,19,65,1999,2000
1999/2000,FA Carling Premier 1999/2000,6,Aston Villa,38,15,13,10,46,35,11,58,1999,2000
1999/2000,FA Carling Premier 1999/2000,7,Sunderland,38,16,10,12,57,56,1,58,1999,2000
1999/2000,FA Carling Premier 1999/2000,8,Leicester City,38,16,7,15,55,55,0,55,1999,2000
1999/2000,FA Carling Premier 1999/2000,9,West Ham United,38,15,10,13,52,53,-1,55,1999,2000
1999/2000,FA Carling Premier 1999/2000,10,Tottenham Hotspur ,38,15,8,15,57,49,8,53,1999,2000
1999/2000,FA Carling Premier 1999/2000,11,Newcastle United,38,14,10,14,63,54,9,52,1999,2000
1999/2000,FA Carling Premier 1999/2000,12,Middlesbrough,38,14,10,14,46,52,-6,52,1999,2000
1999/2000,FA Carling Premier 1999/2000,13,Everton,38,12,14,12,59,49,10,50,1999,2000
1999/2000,FA Carling Premier 1999/2000,14,Coventry City,38,12,8,18,47,54,-7,44,1999,2000
1999/2000,FA Carling Premier 1999/2000,15,Southampton,38,12,8,18,45,62,-17,44,1999,2000
1999/2000,FA Carling Premier 1999/2000,16,Derby County,38,9,11,18,44,57,-13,38,1999,2000
1999/2000,FA Carling Premier 1999/2000,17,Bradford City,38,9,9,20,38,68,-30,36,1999,2000
1999/2000,FA Carling Premier 1999/2000,18,Wimbledon,38,7,12,19,46,74,-28,33,1999,2000
1999/2000,FA Carling Premier 1999/2000,19,Sheffield Wednesday,38,8,7,23,38,70,-32,31,1999,2000
1999/2000,FA Carling Premier 1999/2000,20,Watford,38,6,6,26,35,77,-42,24,1999,2000
1998/1999,FA Carling Premiership   1998/99,1,Manchester United,38,22,13,3,80,37,43,79,1998,1999
1998/1999,FA Carling Premiership   1998/99,2,Arsenal,38,22,12,4,59,17,42,78,1998,1999
1998/1999,FA Carling Premiership   1998/99,3,Chelsea,38,20,15,3,57,30,27,75,1998,1999
1998/1999,FA Carling Premiership   1998/99,4,Leeds United,38,18,13,7,62,34,28,67,1998,1999
1998/1999,FA Carling Premiership   1998/99,5,West Ham United,38,16,9,13,46,53,-7,57,1998,1999
1998/1999,FA Carling Premiership   1998/99,6,Aston Villa,38,15,10,13,51,46,5,55,1998,1999
1998/1999,FA Carling Premiership   1998/99,7,Liverpool,38,15,9,14,68,49,19,54,1998,1999
1998/1999,FA Carling Premiership   1998/99,8,Derby County,38,13,13,12,40,45,-5,52,1998,1999
1998/1999,FA Carling Premiership   1998/99,9,Middlesbrough,38,12,15,11,48,54,-6,51,1998,1999
1998/1999,FA Carling Premiership   1998/99,10,Leicester City,38,12,13,13,40,46,-6,49,1998,1999
1998/1999,FA Carling Premiership   1998/99,11,Tottenham Hotspur ,38,11,14,13,47,50,-3,47,1998,1999
1998/1999,FA Carling Premiership   1998/99,12,Sheffield Wednesday,38,13,7,18,41,42,-1,46,1998,1999
1998/1999,FA Carling Premiership   1998/99,13,Newcastle United,38,11,13,14,48,54,-6,46,1998,1999
1998/1999,FA Carling Premiership   1998/99,14,Everton,38,11,10,17,42,47,-5,43,1998,1999
1998/1999,FA Carling Premiership   1998/99,15,Coventry City,38,11,9,18,39,51,-12,42,1998,1999
1998/1999,FA Carling Premiership   1998/99,16,Wimbledon,38,10,12,16,40,63,-23,42,1998,1999
1998/1999,FA Carling Premiership   1998/99,17,Southampton,38,11,8,19,37,64,-27,41,1998,1999
1998/1999,FA Carling Premiership   1998/99,18,Charlton Athletic,38,8,12,18,41,56,-15,36,1998,1999
1998/1999,FA Carling Premiership   1998/99,19,Blackburn Rovers,38,7,14,17,38,52,-14,35,1998,1999
1998/1999,FA Carling Premiership   1998/99,20,Nottingham Forest,38,7,9,22,35,69,-34,30,1998,1999
1997/1998,FA Carling Premiership   1997/98,1,Arsenal,38,23,9,6,68,33,35,78,1997,1998
1997/1998,FA Carling Premiership   1997/98,2,Manchester United,38,23,8,7,73,26,47,77,1997,1998
1997/1998,FA Carling Premiership   1997/98,3,Liverpool,38,18,11,9,68,42,26,65,1997,1998
1997/1998,FA Carling Premiership   1997/98,4,Chelsea,38,20,3,15,71,43,28,63,1997,1998
1997/1998,FA Carling Premiership   1997/98,5,Leeds United,38,17,8,13,57,46,11,59,1997,1998
1997/1998,FA Carling Premiership   1997/98,6,Blackburn Rovers,38,16,10,12,57,52,5,58,1997,1998
1997/1998,FA Carling Premiership   1997/98,7,Aston Villa,38,17,6,15,49,48,1,57,1997,1998
1997/1998,FA Carling Premiership   1997/98,8,West Ham United,38,16,8,14,56,57,-1,56,1997,1998
1997/1998,FA Carling Premiership   1997/98,9,Derby County,38,16,7,15,52,49,3,55,1997,1998
1997/1998,FA Carling Premiership   1997/98,10,Leicester City,38,13,14,11,51,41,10,53,1997,1998
1997/1998,FA Carling Premiership   1997/98,11,Coventry City,38,12,16,10,46,44,2,52,1997,1998
1997/1998,FA Carling Premiership   1997/98,12,Southampton,38,14,6,18,50,55,-5,48,1997,1998
1997/1998,FA Carling Premiership   1997/98,13,Newcastle United,38,11,11,16,35,44,-9,44,1997,1998
1997/1998,FA Carling Premiership   1997/98,14,Tottenham Hotspur ,38,11,11,16,44,56,-12,44,1997,1998
1997/1998,FA Carling Premiership   1997/98,15,Wimbledon,38,10,14,14,34,46,-12,44,1997,1998
1997/1998,FA Carling Premiership   1997/98,16,Sheffield Wednesday,38,12,8,18,52,67,-15,44,1997,1998
1997/1998,FA Carling Premiership   1997/98,17,Everton,38,9,13,16,41,56,-15,40,1997,1998
1997/1998,FA Carling Premiership   1997/98,18,Bolton Wanderers,38,9,13,16,41,61,-20,40,1997,1998
1997/1998,FA Carling Premiership   1997/98,19,Barnsley,38,10,5,23,37,82,-45,35,1997,1998
1997/1998,FA Carling Premiership   1997/98,20,Crystal Palace,38,8,9,21,37,71,-34,33,1997,1998
1996/1997,FA Carling Premiership    1996/97,1,Manchester United,38,21,12,5,76,44,32,75,1996,1997
1996/1997,FA Carling Premiership    1996/97,2,Newcastle United,38,19,11,8,73,40,33,68,1996,1997
1996/1997,FA Carling Premiership    1996/97,3,Arsenal,38,19,11,8,62,32,30,68,1996,1997
1996/1997,FA Carling Premiership    1996/97,4,Liverpool,38,19,11,8,62,37,25,68,1996,1997
1996/1997,FA Carling Premiership    1996/97,5,Aston Villa,38,17,10,11,47,34,13,61,1996,1997
1996/1997,FA Carling Premiership    1996/97,6,Chelsea,38,16,11,11,58,55,3,59,1996,1997
1996/1997,FA Carling Premiership    1996/97,7,Sheffield Wednesday,38,14,15,9,50,51,-1,57,1996,1997
1996/1997,FA Carling Premiership    1996/97,8,Wimbledon,38,15,11,12,49,46,3,56,1996,1997
1996/1997,FA Carling Premiership    1996/97,9,Leicester City,38,12,11,15,46,54,-8,47,1996,1997
1996/1997,FA Carling Premiership    1996/97,10,Tottenham Hotspur ,38,13,7,18,44,51,-7,46,1996,1997
1996/1997,FA Carling Premiership    1996/97,11,Leeds United,38,11,13,14,28,38,-10,46,1996,1997
1996/1997,FA Carling Premiership    1996/97,12,Derby County,38,11,13,14,45,58,-13,46,1996,1997
1996/1997,FA Carling Premiership    1996/97,13,Blackburn Rovers,38,9,15,14,42,43,-1,42,1996,1997
1996/1997,FA Carling Premiership    1996/97,14,West Ham United,38,10,12,16,39,48,-9,42,1996,1997
1996/1997,FA Carling Premiership    1996/97,15,Everton,38,10,12,16,44,57,-13,42,1996,1997
1996/1997,FA Carling Premiership    1996/97,16,Southampton,38,10,11,17,50,56,-6,41,1996,1997
1996/1997,FA Carling Premiership    1996/97,17,Coventry City,38,9,14,15,38,54,-16,41,1996,1997
1996/1997,FA Carling Premiership    1996/97,18,Sunderland,38,10,10,18,35,53,-18,40,1996,1997
1996/1997,FA Carling Premiership    1996/97,19,Middlesbrough,38,10,12,16,51,60,-9,39,1996,1997
1996/1997,FA Carling Premiership    1996/97,20,Nottingham Forest,38,6,16,16,31,59,-28,34,1996,1997
1995/1996,FA Carling Premiership   1995/96,1,Manchester United,38,25,7,6,73,35,38,82,1995,1996
1995/1996,FA Carling Premiership   1995/96,2,Newcastle United,38,24,6,8,66,37,29,78,1995,1996
1995/1996,FA Carling Premiership   1995/96,3,Liverpool,38,20,11,7,70,34,36,71,1995,1996
1995/1996,FA Carling Premiership   1995/96,4,Aston Villa,38,18,9,11,52,35,17,63,1995,1996
1995/1996,FA Carling Premiership   1995/96,5,Arsenal,38,17,12,9,49,32,17,63,1995,1996
1995/1996,FA Carling Premiership   1995/96,6,Everton,38,17,10,11,64,44,20,61,1995,1996
1995/1996,FA Carling Premiership   1995/96,7,Blackburn Rovers,38,18,7,13,61,47,14,61,1995,1996
1995/1996,FA Carling Premiership   1995/96,8,Tottenham Hotspur ,38,16,13,9,50,38,12,61,1995,1996
1995/1996,FA Carling Premiership   1995/96,9,Nottingham Forest,38,15,13,10,50,54,-4,58,1995,1996
1995/1996,FA Carling Premiership   1995/96,10,West Ham United,38,14,9,15,43,52,-9,51,1995,1996
1995/1996,FA Carling Premiership   1995/96,11,Chelsea,38,12,14,12,46,44,2,50,1995,1996
1995/1996,FA Carling Premiership   1995/96,12,Middlesbrough,38,11,10,17,35,50,-15,43,1995,1996
1995/1996,FA Carling Premiership   1995/96,13,Leeds United,38,12,7,19,40,57,-17,43,1995,1996
1995/1996,FA Carling Premiership   1995/96,14,Wimbledon,38,10,11,17,55,70,-15,41,1995,1996
1995/1996,FA Carling Premiership   1995/96,15,Sheffield Wednesday,38,10,10,18,48,61,-13,40,1995,1996
1995/1996,FA Carling Premiership   1995/96,16,Coventry City,38,8,14,16,42,60,-18,38,1995,1996
1995/1996,FA Carling Premiership   1995/96,17,Southampton,38,9,11,18,34,52,-18,38,1995,1996
1995/1996,FA Carling Premiership   1995/96,18,Manchester City,38,9,11,18,33,58,-25,38,1995,1996
1995/1996,FA Carling Premiership   1995/96,19,Queens Park Rangers,38,9,6,23,38,57,-19,33,1995,1996
1995/1996,FA Carling Premiership   1995/96,20,Bolton Wanderers,38,8,5,25,39,71,-32,29,1995,1996
1994/1995,Premier League   1994/95,1,Blackburn Rovers,42,27,8,7,80,39,41,89,1994,1995
1994/1995,Premier League   1994/95,2,Manchester United,42,26,10,6,77,28,49,88,1994,1995
1994/1995,Premier League   1994/95,3,Nottingham Forest,42,22,11,9,74,43,31,77,1994,1995
1994/1995,Premier League   1994/95,4,Liverpool,42,21,11,10,65,37,28,74,1994,1995
1994/1995,Premier League   1994/95,5,Leeds United,42,20,13,9,59,38,21,73,1994,1995
1994/1995,Premier League   1994/95,6,Newcastle United,42,20,12,10,67,47,20,72,1994,1995
1994/1995,Premier League   1994/95,7,Tottenham Hotspur ,42,16,14,12,66,58,8,62,1994,1995
1994/1995,Premier League   1994/95,8,Queens Park Rangers,42,17,9,16,61,59,2,60,1994,1995
1994/1995,Premier League   1994/95,9,Wimbledon,42,15,11,16,48,65,-17,56,1994,1995
1994/1995,Premier League   1994/95,10,Southampton,42,12,18,12,61,63,-2,54,1994,1995
1994/1995,Premier League   1994/95,11,Chelsea,42,13,15,14,50,55,-5,54,1994,1995
1994/1995,Premier League   1994/95,12,Arsenal,42,13,12,17,52,49,3,51,1994,1995
1994/1995,Premier League   1994/95,13,Sheffield Wednesday,42,13,12,17,49,57,-8,51,1994,1995
1994/1995,Premier League   1994/95,14,West Ham United,42,13,11,18,44,48,-4,50,1994,1995
1994/1995,Premier League   1994/95,15,Everton,42,11,17,14,44,51,-7,50,1994,1995
1994/1995,Premier League   1994/95,16,Coventry City,42,12,14,16,44,62,-18,50,1994,1995
1994/1995,Premier League   1994/95,17,Manchester City,42,12,13,17,53,64,-11,49,1994,1995
1994/1995,Premier League   1994/95,18,Aston Villa,42,11,15,16,51,56,-5,48,1994,1995
1994/1995,Premier League   1994/95,19,Crystal Palace,42,11,12,19,34,51,-17,45,1994,1995
1994/1995,Premier League   1994/95,20,Norwich City,42,10,13,19,37,54,-17,43,1994,1995
1994/1995,Premier League   1994/95,21,Leicester City,42,6,11,25,45,80,-35,29,1994,1995
1994/1995,Premier League   1994/95,22,Ipswich Town,42,7,6,29,36,93,-57,27,1994,1995
1993/1994,FA Carling Premiership 93/94,1,Manchester United,42,27,11,4,80,38,42,92,1993,1994
1993/1994,FA Carling Premiership 93/94,2,Blackburn Rovers,42,25,9,8,63,36,27,84,1993,1994
1993/1994,FA Carling Premiership 93/94,3,Newcastle United,42,23,8,11,82,41,41,77,1993,1994
1993/1994,FA Carling Premiership 93/94,4,Arsenal,42,18,17,7,53,28,25,71,1993,1994
1993/1994,FA Carling Premiership 93/94,5,Leeds United,42,18,16,8,65,39,26,70,1993,1994
1993/1994,FA Carling Premiership 93/94,6,Wimbledon,42,18,11,13,56,53,3,65,1993,1994
1993/1994,FA Carling Premiership 93/94,7,Sheffield Wednesday,42,16,16,10,76,54,22,64,1993,1994
1993/1994,FA Carling Premiership 93/94,8,Liverpool,42,17,9,16,59,55,4,60,1993,1994
1993/1994,FA Carling Premiership 93/94,9,Queens Park Rangers,42,16,12,14,62,61,1,60,1993,1994
1993/1994,FA Carling Premiership 93/94,10,Aston Villa,42,15,12,15,46,50,-4,57,1993,1994
1993/1994,FA Carling Premiership 93/94,11,Coventry City,42,14,14,14,43,45,-2,56,1993,1994
1993/1994,FA Carling Premiership 93/94,12,Norwich City,42,12,17,13,65,61,4,53,1993,1994
1993/1994,FA Carling Premiership 93/94,13,West Ham United,42,13,13,16,47,58,-11,52,1993,1994
1993/1994,FA Carling Premiership 93/94,14,Chelsea,42,13,12,17,49,53,-4,51,1993,1994
1993/1994,FA Carling Premiership 93/94,15,Tottenham Hotspur ,42,11,12,19,54,59,-5,45,1993,1994
1993/1994,FA Carling Premiership 93/94,16,Manchester City,42,9,18,15,38,49,-11,45,1993,1994
1993/1994,FA Carling Premiership 93/94,17,Everton,42,12,8,22,42,63,-21,44,1993,1994
1993/1994,FA Carling Premiership 93/94,18,Southampton,42,12,7,23,49,66,-17,43,1993,1994
1993/1994,FA Carling Premiership 93/94,19,Ipswich Town,42,9,16,17,35,58,-23,43,1993,1994
1993/1994,FA Carling Premiership 93/94,20,Sheffield United,42,8,18,16,42,60,-18,42,1993,1994
1993/1994,FA Carling Premiership 93/94,21,Oldham Athletic,42,9,13,20,42,68,-26,40,1993,1994
1993/1994,FA Carling Premiership 93/94,22,Swindon Town,42,5,15,22,47,100,-53,30,1993,1994
1992/1993,FA Premier League 92/93,1,Manchester United,42,24,12,6,67,31,36,84,1992,1993
1992/1993,FA Premier League 92/93,2,Aston Villa,42,21,11,10,57,40,17,74,1992,1993
1992/1993,FA Premier League 92/93,3,Norwich City,42,21,9,12,61,65,-4,72,1992,1993
1992/1993,FA Premier League 92/93,4,Blackburn Rovers,42,20,11,11,68,46,22,71,1992,1993
1992/1993,FA Premier League 92/93,5,Queens Park Rangers,42,17,12,13,63,55,8,63,1992,1993
1992/1993,FA Premier League 92/93,6,Liverpool,42,16,11,15,62,55,7,59,1992,1993
1992/1993,FA Premier League 92/93,7,Sheffield Wednesday,42,15,14,13,55,51,4,59,1992,1993
1992/1993,FA Premier League 92/93,8,Tottenham Hotspur ,42,16,11,15,60,66,-6,59,1992,1993
1992/1993,FA Premier League 92/93,9,Manchester City,42,15,12,15,56,51,5,57,1992,1993
1992/1993,FA Premier League 92/93,10,Arsenal,42,15,11,16,40,38,2,56,1992,1993
1992/1993,FA Premier League 92/93,11,Chelsea,42,14,14,14,51,54,-3,56,1992,1993
1992/1993,FA Premier League 92/93,12,Wimbledon,42,14,12,16,56,55,1,54,1992,1993
1992/1993,FA Premier League 92/93,13,Everton,42,15,8,19,53,55,-2,53,1992,1993
1992/1993,FA Premier League 92/93,14,Sheffield United,42,14,10,18,54,53,1,52,1992,1993
1992/1993,FA Premier League 92/93,15,Coventry City,42,13,13,16,52,57,-5,52,1992,1993
1992/1993,FA Premier League 92/93,16,Ipswich Town,42,12,16,14,50,55,-5,52,1992,1993
1992/1993,FA Premier League 92/93,17,Leeds United,42,12,15,15,57,62,-5,51,1992,1993
1992/1993,FA Premier League 92/93,18,Southampton,42,13,11,18,54,61,-7,50,1992,1993
1992/1993,FA Premier League 92/93,19,Oldham Athletic,42,13,10,19,63,74,-11,49,1992,1993
1992/1993,FA Premier League 92/93,20,Crystal Palace,42,11,16,15,48,61,-13,49,1992,1993
1992/1993,FA Premier League 92/93,21,Middlesbrough,42,11,11,20,54,75,-21,44,1992,1993
1992/1993,FA Premier League 92/93,22,Nottingham Forest,42,10,10,22,41,62,-21,40,1992,1993
1991/1992,First Division 1991-92,1,Leeds United,42,22,16,4,74,37,37,82,1991,1992
1991/1992,First Division 1991-92,2,Manchester United,42,21,15,6,63,33,30,78,1991,1992
1991/1992,First Division 1991-92,3,Sheffield Wednesday,42,21,12,9,62,49,13,75,1991,1992
1991/1992,First Division 1991-92,4,Arsenal,42,19,15,8,81,46,35,72,1991,1992
1991/1992,First Division 1991-92,5,Manchester City,42,20,10,12,61,48,13,70,1991,1992
1991/1992,First Division 1991-92,6,Liverpool,42,16,16,10,47,40,7,64,1991,1992
1991/1992,First Division 1991-92,7,Aston Villa,42,17,9,16,48,44,4,60,1991,1992
1991/1992,First Division 1991-92,8,Nottingham Forest,42,16,11,15,60,58,2,59,1991,1992
1991/1992,First Division 1991-92,9,Sheffield United,42,16,9,17,65,63,2,57,1991,1992
1991/1992,First Division 1991-92,10,Crystal Palace,42,14,15,13,53,61,-8,57,1991,1992
1991/1992,First Division 1991-92,11,Queens Park Rangers,42,12,18,12,48,47,1,54,1991,1992
1991/1992,First Division 1991-92,12,Everton,42,13,14,15,52,51,1,53,1991,1992
1991/1992,First Division 1991-92,13,Wimbledon,42,13,14,15,53,53,0,53,1991,1992
1991/1992,First Division 1991-92,14,Chelsea,42,13,14,15,50,60,-10,53,1991,1992
1991/1992,First Division 1991-92,15,Tottenham Hotspur ,42,15,7,20,58,63,-5,52,1991,1992
1991/1992,First Division 1991-92,16,Southampton,42,14,10,18,39,55,-16,52,1991,1992
1991/1992,First Division 1991-92,17,Oldham Athletic,42,14,9,19,63,67,-4,51,1991,1992
1991/1992,First Division 1991-92,18,Norwich City,42,11,12,19,47,63,-16,45,1991,1992
1991/1992,First Division 1991-92,19,Coventry City,42,11,11,20,35,44,-9,44,1991,1992
1991/1992,First Division 1991-92,20,Luton Town,42,10,12,20,38,71,-33,42,1991,1992
1991/1992,First Division 1991-92,21,Notts County,42,10,10,22,40,62,-22,40,1991,1992
1991/1992,First Division 1991-92,22,West Ham United,42,9,11,22,37,59,-22,38,1991,1992
1990/1991,First Division 1990-91,1,Arsenal,38,24,13,1,74,18,56,83,1990,1991
1990/1991,First Division 1990-91,2,Liverpool,38,23,7,8,77,40,37,76,1990,1991
1990/1991,First Division 1990-91,3,Crystal Palace,38,20,9,9,50,41,9,69,1990,1991
1990/1991,First Division 1990-91,4,Leeds United,38,19,7,12,65,47,18,64,1990,1991
1990/1991,First Division 1990-91,5,Manchester City,38,17,11,10,64,53,11,62,1990,1991
1990/1991,First Division 1990-91,6,Manchester United,38,16,12,10,58,45,13,59,1990,1991
1990/1991,First Division 1990-91,7,Wimbledon,38,14,14,10,53,46,7,56,1990,1991
1990/1991,First Division 1990-91,8,Nottingham Forest,38,14,12,12,65,50,15,54,1990,1991
1990/1991,First Division 1990-91,9,Everton,38,13,12,13,50,46,4,51,1990,1991
1990/1991,First Division 1990-91,10,Tottenham Hotspur ,38,11,16,11,51,50,1,49,1990,1991
1990/1991,First Division 1990-91,11,Chelsea,38,13,10,15,58,69,-11,49,1990,1991
1990/1991,First Division 1990-91,12,Queens Park Rangers,38,12,10,16,44,53,-9,46,1990,1991
1990/1991,First Division 1990-91,13,Sheffield United,38,13,7,18,36,55,-19,46,1990,1991
1990/1991,First Division 1990-91,14,Southampton,38,12,9,17,58,69,-11,45,1990,1991
1990/1991,First Division 1990-91,15,Norwich City,38,13,6,19,41,64,-23,45,1990,1991
1990/1991,First Division 1990-91,16,Coventry City,38,11,11,16,42,49,-7,44,1990,1991
1990/1991,First Division 1990-91,17,Aston Villa,38,9,14,15,46,58,-12,41,1990,1991
1990/1991,First Division 1990-91,18,Luton Town,38,10,7,21,42,61,-19,37,1990,1991
1990/1991,First Division 1990-91,19,Sunderland,38,8,10,20,38,60,-22,34,1990,1991
1990/1991,First Division 1990-91,20,Derby County,38,5,9,24,37,75,-38,24,1990,1991
1989/1990,First Division 1989-90,1,Liverpool,38,23,10,5,78,37,41,79,1989,1990
1989/1990,First Division 1989-90,2,Aston Villa,38,21,7,10,57,38,19,70,1989,1990
1989/1990,First Division 1989-90,3,Tottenham Hotspur ,38,19,6,13,59,47,12,63,1989,1990
1989/1990,First Division 1989-90,4,Arsenal,38,18,8,12,54,38,16,62,1989,1990
1989/1990,First Division 1989-90,5,Chelsea,38,16,12,10,58,50,8,60,1989,1990
1989/1990,First Division 1989-90,6,Everton,38,17,8,13,57,46,11,59,1989,1990
1989/1990,First Division 1989-90,7,Southampton,38,15,10,13,71,63,8,55,1989,1990
1989/1990,First Division 1989-90,8,Wimbledon,38,13,16,9,47,40,7,55,1989,1990
1989/1990,First Division 1989-90,9,Nottingham Forest,38,15,9,14,55,47,8,54,1989,1990
1989/1990,First Division 1989-90,10,Norwich City,38,13,14,11,44,42,2,53,1989,1990
1989/1990,First Division 1989-90,11,Queens Park Rangers,38,13,11,14,45,44,1,50,1989,1990
1989/1990,First Division 1989-90,12,Coventry City,38,14,7,17,39,59,-20,49,1989,1990
1989/1990,First Division 1989-90,13,Manchester United,38,13,9,16,46,47,-1,48,1989,1990
1989/1990,First Division 1989-90,14,Manchester City,38,12,12,14,43,52,-9,48,1989,1990
1989/1990,First Division 1989-90,15,Crystal Palace,38,13,9,16,42,66,-24,48,1989,1990
1989/1990,First Division 1989-90,16,Derby County,38,13,7,18,43,40,3,46,1989,1990
1989/1990,First Division 1989-90,17,Luton Town,38,10,13,15,43,57,-14,43,1989,1990
1989/1990,First Division 1989-90,18,Sheffield Wednesday,38,11,10,17,35,51,-16,43,1989,1990
1989/1990,First Division 1989-90,19,Charlton Athletic,38,7,9,22,31,57,-26,30,1989,1990
1989/1990,First Division 1989-90,20,Millwall,38,5,11,22,39,65,-26,26,1989,1990
1988/1989,First Division 1988-89,1,Arsenal,38,22,10,6,73,36,37,76,1988,1989
1988/1989,First Division 1988-89,2,Liverpool,38,22,10,6,65,28,37,76,1988,1989
1988/1989,First Division 1988-89,3,Nottingham Forest,38,17,13,8,64,43,21,64,1988,1989
1988/1989,First Division 1988-89,4,Norwich City,38,17,11,10,48,45,3,62,1988,1989
1988/1989,First Division 1988-89,5,Derby County,38,17,7,14,40,38,2,58,1988,1989
1988/1989,First Division 1988-89,6,Tottenham Hotspur ,38,15,12,11,60,46,14,57,1988,1989
1988/1989,First Division 1988-89,7,Coventry City,38,14,13,11,47,42,5,55,1988,1989
1988/1989,First Division 1988-89,8,Everton,38,14,12,12,50,45,5,54,1988,1989
1988/1989,First Division 1988-89,9,Queens Park Rangers,38,14,11,13,43,37,6,53,1988,1989
1988/1989,First Division 1988-89,10,Millwall,38,14,11,13,47,52,-5,53,1988,1989
1988/1989,First Division 1988-89,11,Manchester United,38,13,12,13,45,35,10,51,1988,1989
1988/1989,First Division 1988-89,12,Wimbledon,38,14,9,15,50,46,4,51,1988,1989
1988/1989,First Division 1988-89,13,Southampton,38,10,15,13,52,66,-14,45,1988,1989
1988/1989,First Division 1988-89,14,Charlton Athletic,38,10,12,16,44,58,-14,42,1988,1989
1988/1989,First Division 1988-89,15,Sheffield Wednesday,38,10,12,16,34,51,-17,42,1988,1989
1988/1989,First Division 1988-89,16,Luton Town,38,10,11,17,42,52,-10,41,1988,1989
1988/1989,First Division 1988-89,17,Aston Villa,38,9,13,16,45,56,-11,40,1988,1989
1988/1989,First Division 1988-89,18,Middlesbrough,38,9,12,17,44,61,-17,39,1988,1989
1988/1989,First Division 1988-89,19,West Ham United,38,10,8,20,37,62,-25,38,1988,1989
1988/1989,First Division 1988-89,20,Newcastle United,38,7,10,21,32,63,-31,31,1988,1989
1987/1988,First Division 1987-88,1,Liverpool,40,26,12,2,87,24,63,90,1987,1988
1987/1988,First Division 1987-88,2,Manchester United,40,23,12,5,71,37,34,81,1987,1988
1987/1988,First Division 1987-88,3,Nottingham Forest,40,20,13,7,67,36,31,73,1987,1988
1987/1988,First Division 1987-88,4,Everton,40,19,13,8,53,27,26,70,1987,1988
1987/1988,First Division 1987-88,5,Queens Park Rangers,40,19,10,11,47,37,10,67,1987,1988
1987/1988,First Division 1987-88,6,Arsenal,40,18,12,10,58,39,19,66,1987,1988
1987/1988,First Division 1987-88,7,Wimbledon,40,14,15,11,58,47,11,57,1987,1988
1987/1988,First Division 1987-88,8,Newcastle United,40,14,14,12,55,53,2,56,1987,1988
1987/1988,First Division 1987-88,9,Luton Town,40,14,11,15,56,57,-1,53,1987,1988
1987/1988,First Division 1987-88,10,Coventry City,40,13,14,13,46,53,-7,53,1987,1988
1987/1988,First Division 1987-88,11,Sheffield Wednesday,40,15,8,17,52,66,-14,53,1987,1988
1987/1988,First Division 1987-88,12,Southampton,40,12,14,14,49,53,-4,50,1987,1988
1987/1988,First Division 1987-88,13,Tottenham Hotspur ,40,12,11,17,38,48,-10,47,1987,1988
1987/1988,First Division 1987-88,14,Norwich City,40,12,9,19,39,52,-13,45,1987,1988
1987/1988,First Division 1987-88,15,Derby County,40,10,13,17,35,45,-10,43,1987,1988
1987/1988,First Division 1987-88,16,West Ham United,40,9,15,16,40,52,-12,42,1987,1988
1987/1988,First Division 1987-88,17,Charlton Athletic,40,9,15,16,38,52,-14,42,1987,1988
1987/1988,First Division 1987-88,18,Chelsea,40,9,15,16,50,68,-18,42,1987,1988
1987/1988,First Division 1987-88,19,Portsmouth,40,7,14,19,36,66,-30,35,1987,1988
1987/1988,First Division 1987-88,20,Watford,40,7,11,22,27,51,-24,32,1987,1988
1987/1988,First Division 1987-88,21,Oxford United,40,6,13,21,41,80,-39,31,1987,1988
1986/1987,First Division 1986-87,1,Everton,42,26,8,8,75,29,46,86,1986,1987
1986/1987,First Division 1986-87,2,Liverpool,42,22,9,11,70,43,27,75,1986,1987
1986/1987,First Division 1986-87,3,Tottenham Hotspur ,42,21,8,13,68,43,25,71,1986,1987
1986/1987,First Division 1986-87,4,Arsenal,42,20,10,12,58,35,23,70,1986,1987
1986/1987,First Division 1986-87,5,Norwich City,42,17,17,8,53,51,2,68,1986,1987
1986/1987,First Division 1986-87,6,Nottingham Forest,42,19,10,13,65,51,14,67,1986,1987
1986/1987,First Division 1986-87,7,Wimbledon,42,19,9,14,57,49,8,66,1986,1987
1986/1987,First Division 1986-87,8,Luton Town,42,18,11,13,46,46,0,65,1986,1987
1986/1987,First Division 1986-87,9,Watford,42,18,9,15,67,54,13,63,1986,1987
1986/1987,First Division 1986-87,10,Coventry City,42,17,11,14,50,46,4,62,1986,1987
1986/1987,First Division 1986-87,11,Manchester United,42,14,14,14,52,45,7,56,1986,1987
1986/1987,First Division 1986-87,12,Southampton,42,14,10,18,69,68,1,52,1986,1987
1986/1987,First Division 1986-87,13,Sheffield Wednesday,42,13,13,16,58,59,-1,52,1986,1987
1986/1987,First Division 1986-87,14,Chelsea,42,13,13,16,52,64,-12,52,1986,1987
1986/1987,First Division 1986-87,15,West Ham United,42,14,10,18,52,67,-15,52,1986,1987
1986/1987,First Division 1986-87,16,Newcastle United,42,13,11,18,49,64,-15,50,1986,1987
1986/1987,First Division 1986-87,17,Queens Park Rangers,42,13,11,18,48,64,-16,50,1986,1987
1986/1987,First Division 1986-87,18,Oxford United,42,11,13,18,44,69,-25,46,1986,1987
1986/1987,First Division 1986-87,19,Charlton Athletic,42,11,11,20,45,55,-10,44,1986,1987
1986/1987,First Division 1986-87,20,Leicester City,42,11,9,22,54,76,-22,42,1986,1987
1986/1987,First Division 1986-87,21,Manchester City,42,8,15,19,36,56,-20,39,1986,1987
1986/1987,First Division 1986-87,22,Aston Villa,42,8,12,22,45,79,-34,36,1986,1987
1985/1986,First Division 1985-86,1,Liverpool,42,26,10,6,89,37,52,88,1985,1986
1985/1986,First Division 1985-86,2,Everton,42,26,8,8,87,41,46,86,1985,1986
1985/1986,First Division 1985-86,3,West Ham United,42,26,6,10,74,40,34,84,1985,1986
1985/1986,First Division 1985-86,4,Manchester United,42,22,10,10,70,36,34,76,1985,1986
1985/1986,First Division 1985-86,5,Sheffield Wednesday,42,21,10,11,63,54,9,73,1985,1986
1985/1986,First Division 1985-86,6,Chelsea,42,20,11,11,57,56,1,71,1985,1986
1985/1986,First Division 1985-86,7,Arsenal,42,20,9,13,49,47,2,69,1985,1986
1985/1986,First Division 1985-86,8,Nottingham Forest,42,19,11,12,69,53,16,68,1985,1986
1985/1986,First Division 1985-86,9,Luton Town,42,18,12,12,61,44,17,66,1985,1986
1985/1986,First Division 1985-86,10,Tottenham Hotspur ,42,19,8,15,74,52,22,65,1985,1986
1985/1986,First Division 1985-86,11,Newcastle United,42,17,12,13,67,72,-5,63,1985,1986
1985/1986,First Division 1985-86,12,Watford,42,16,11,15,69,62,7,59,1985,1986
1985/1986,First Division 1985-86,13,Queens Park Rangers,42,15,7,20,53,64,-11,52,1985,1986
1985/1986,First Division 1985-86,14,Southampton,42,12,10,20,51,62,-11,46,1985,1986
1985/1986,First Division 1985-86,15,Manchester City,42,11,12,19,43,57,-14,45,1985,1986
1985/1986,First Division 1985-86,16,Aston Villa,42,10,14,18,51,67,-16,44,1985,1986
1985/1986,First Division 1985-86,17,Coventry City,42,11,10,21,48,71,-23,43,1985,1986
1985/1986,First Division 1985-86,18,Oxford United,42,10,12,20,62,80,-18,42,1985,1986
1985/1986,First Division 1985-86,19,Leicester City,42,10,12,20,54,76,-22,42,1985,1986
1985/1986,First Division 1985-86,20,Ipswich Town,42,11,8,23,32,55,-23,41,1985,1986
1985/1986,First Division 1985-86,21,Birmingham City,42,8,5,29,30,73,-43,29,1985,1986
1985/1986,First Division 1985-86,22,West Bromwich Albion,42,4,12,26,35,89,-54,24,1985,1986
1984/1985,First Division 1984-85,1,Everton,42,28,6,8,88,43,45,90,1984,1985
1984/1985,First Division 1984-85,2,Liverpool,42,22,11,9,68,35,33,77,1984,1985
1984/1985,First Division 1984-85,3,Tottenham Hotspur ,42,23,8,11,78,51,27,77,1984,1985
1984/1985,First Division 1984-85,4,Manchester United,42,22,10,10,77,47,30,76,1984,1985
1984/1985,First Division 1984-85,5,Southampton,42,19,11,12,56,47,9,68,1984,1985
1984/1985,First Division 1984-85,6,Chelsea,42,18,12,12,63,48,15,66,1984,1985
1984/1985,First Division 1984-85,7,Arsenal,42,19,9,14,61,49,12,66,1984,1985
1984/1985,First Division 1984-85,8,Sheffield Wednesday,42,17,14,11,58,45,13,65,1984,1985
1984/1985,First Division 1984-85,9,Nottingham Forest,42,19,7,16,56,48,8,64,1984,1985
1984/1985,First Division 1984-85,10,Aston Villa,42,15,11,16,60,60,0,56,1984,1985
1984/1985,First Division 1984-85,11,Watford,42,14,13,15,81,71,10,55,1984,1985
1984/1985,First Division 1984-85,12,West Bromwich Albion,42,16,7,19,58,62,-4,55,1984,1985
1984/1985,First Division 1984-85,13,Luton Town,42,15,9,18,57,61,-4,54,1984,1985
1984/1985,First Division 1984-85,14,Newcastle United,42,13,13,16,55,70,-15,52,1984,1985
1984/1985,First Division 1984-85,15,Leicester City,42,15,6,21,65,73,-8,51,1984,1985
1984/1985,First Division 1984-85,16,West Ham United,42,13,12,17,51,68,-17,51,1984,1985
1984/1985,First Division 1984-85,17,Ipswich Town,42,13,11,18,46,57,-11,50,1984,1985
1984/1985,First Division 1984-85,18,Coventry City,42,15,5,22,47,64,-17,50,1984,1985
1984/1985,First Division 1984-85,19,Queens Park Rangers,42,13,11,18,53,72,-19,50,1984,1985
1984/1985,First Division 1984-85,20,Norwich City,42,13,10,19,46,64,-18,49,1984,1985
1984/1985,First Division 1984-85,21,Sunderland,42,10,10,22,40,62,-22,40,1984,1985
1984/1985,First Division 1984-85,22,Stoke City,42,3,8,31,24,91,-67,17,1984,1985
1983/1984,First Division 1983-84,1,Liverpool,42,22,14,6,73,32,41,80,1983,1984
1983/1984,First Division 1983-84,2,Southampton,42,22,11,9,66,38,28,77,1983,1984
1983/1984,First Division 1983-84,3,Nottingham Forest,42,22,8,12,76,45,31,74,1983,1984
1983/1984,First Division 1983-84,4,Manchester United,42,20,14,8,71,41,30,74,1983,1984
1983/1984,First Division 1983-84,5,Queens Park Rangers,42,22,7,13,67,37,30,73,1983,1984
1983/1984,First Division 1983-84,6,Arsenal,42,18,9,15,74,60,14,63,1983,1984
1983/1984,First Division 1983-84,7,Everton,42,16,14,12,44,42,2,62,1983,1984
1983/1984,First Division 1983-84,8,Tottenham Hotspur ,42,17,10,15,64,65,-1,61,1983,1984
1983/1984,First Division 1983-84,9,West Ham United,42,17,9,16,60,55,5,60,1983,1984
1983/1984,First Division 1983-84,10,Aston Villa,42,17,9,16,59,61,-2,60,1983,1984
1983/1984,First Division 1983-84,11,Watford,42,16,9,17,68,77,-9,57,1983,1984
1983/1984,First Division 1983-84,12,Ipswich Town,42,15,8,19,55,57,-2,53,1983,1984
1983/1984,First Division 1983-84,13,Sunderland,42,13,13,16,42,53,-11,52,1983,1984
1983/1984,First Division 1983-84,14,Norwich City,42,12,15,15,48,49,-1,51,1983,1984
1983/1984,First Division 1983-84,15,Leicester City,42,13,12,17,65,68,-3,51,1983,1984
1983/1984,First Division 1983-84,16,Luton Town,42,14,9,19,53,66,-13,51,1983,1984
1983/1984,First Division 1983-84,17,West Bromwich Albion,42,14,9,19,48,62,-14,51,1983,1984
1983/1984,First Division 1983-84,18,Stoke City,42,13,11,18,44,63,-19,50,1983,1984
1983/1984,First Division 1983-84,19,Coventry City,42,13,11,18,57,77,-20,50,1983,1984
1983/1984,First Division 1983-84,20,Birmingham City,42,12,12,18,39,50,-11,48,1983,1984
1983/1984,First Division 1983-84,21,Notts County,42,10,11,21,50,72,-22,41,1983,1984
1983/1984,First Division 1983-84,22,Wolverhampton Wanderers,42,6,11,25,27,80,-53,29,1983,1984
1982/1983,First Division 1982-83,1,Liverpool,42,24,10,8,87,37,50,82,1982,1983
1982/1983,First Division 1982-83,2,Watford,42,22,5,15,74,57,17,71,1982,1983
1982/1983,First Division 1982-83,3,Manchester United,42,19,13,10,56,38,18,70,1982,1983
1982/1983,First Division 1982-83,4,Tottenham Hotspur ,42,20,9,13,65,50,15,69,1982,1983
1982/1983,First Division 1982-83,5,Nottingham Forest,42,20,9,13,62,50,12,69,1982,1983
1982/1983,First Division 1982-83,6,Aston Villa,42,21,5,16,62,50,12,68,1982,1983
1982/1983,First Division 1982-83,7,Everton,42,18,10,14,66,48,18,64,1982,1983
1982/1983,First Division 1982-83,8,West Ham United,42,20,4,18,68,62,6,64,1982,1983
1982/1983,First Division 1982-83,9,Ipswich Town,42,15,13,14,64,50,14,58,1982,1983
1982/1983,First Division 1982-83,10,Arsenal,42,16,10,16,58,56,2,58,1982,1983
1982/1983,First Division 1982-83,11,West Bromwich Albion,42,15,12,15,51,49,2,57,1982,1983
1982/1983,First Division 1982-83,12,Southampton,42,15,12,15,55,58,-3,57,1982,1983
1982/1983,First Division 1982-83,13,Stoke City,42,16,9,17,53,64,-11,57,1982,1983
1982/1983,First Division 1982-83,14,Norwich City,42,14,12,16,52,58,-6,54,1982,1983
1982/1983,First Division 1982-83,15,Notts County,42,15,7,20,54,71,-17,52,1982,1983
1982/1983,First Division 1982-83,16,Sunderland,42,12,14,16,48,61,-13,50,1982,1983
1982/1983,First Division 1982-83,17,Birmingham City,42,12,14,16,40,55,-15,50,1982,1983
1982/1983,First Division 1982-83,18,Luton Town,42,12,13,17,65,84,-19,49,1982,1983
1982/1983,First Division 1982-83,19,Coventry City,42,13,9,20,48,59,-11,48,1982,1983
1982/1983,First Division 1982-83,20,Manchester City,42,13,8,21,47,70,-23,47,1982,1983
1982/1983,First Division 1982-83,21,Swansea City,42,10,11,21,51,69,-18,41,1982,1983
1982/1983,First Division 1982-83,22,Brighton,42,9,13,20,38,68,-30,40,1982,1983
1981/1982,First Division 1981-82,1,Liverpool,42,26,9,7,80,32,48,87,1981,1982
1981/1982,First Division 1981-82,2,Ipswich Town,42,26,5,11,75,53,22,83,1981,1982
1981/1982,First Division 1981-82,3,Manchester United,42,22,12,8,59,29,30,78,1981,1982
1981/1982,First Division 1981-82,4,Tottenham Hotspur ,42,20,11,11,67,48,19,71,1981,1982
1981/1982,First Division 1981-82,5,Arsenal,42,20,11,11,48,37,11,71,1981,1982
1981/1982,First Division 1981-82,6,Swansea City,42,21,6,15,58,51,7,69,1981,1982
1981/1982,First Division 1981-82,7,Southampton,42,19,9,14,72,67,5,66,1981,1982
1981/1982,First Division 1981-82,8,Everton,42,17,13,12,56,50,6,64,1981,1982
1981/1982,First Division 1981-82,9,West Ham United,42,14,16,12,66,57,9,58,1981,1982
1981/1982,First Division 1981-82,10,Manchester City,42,15,13,14,49,50,-1,58,1981,1982
1981/1982,First Division 1981-82,11,Aston Villa,42,15,12,15,55,53,2,57,1981,1982
1981/1982,First Division 1981-82,12,Nottingham Forest,42,15,12,15,42,48,-6,57,1981,1982
1981/1982,First Division 1981-82,13,Brighton,42,13,13,16,43,52,-9,52,1981,1982
1981/1982,First Division 1981-82,14,Coventry City,42,13,11,18,56,62,-6,50,1981,1982
1981/1982,First Division 1981-82,15,Notts County,42,13,8,21,61,69,-8,47,1981,1982
1981/1982,First Division 1981-82,16,Birmingham City,42,10,14,18,53,61,-8,44,1981,1982
1981/1982,First Division 1981-82,17,West Bromwich Albion,42,11,11,20,46,57,-11,44,1981,1982
1981/1982,First Division 1981-82,18,Stoke City,42,12,8,22,44,63,-19,44,1981,1982
1981/1982,First Division 1981-82,19,Sunderland,42,11,11,20,38,58,-20,44,1981,1982
1981/1982,First Division 1981-82,20,Leeds United,42,10,12,20,39,61,-22,42,1981,1982
1981/1982,First Division 1981-82,21,Wolverhampton Wanderers,42,10,10,22,32,63,-31,40,1981,1982
1981/1982,First Division 1981-82,22,Middlesbrough,42,8,15,19,34,52,-18,39,1981,1982
1980/1981,First Division 1980-81,1,Aston Villa,42,26,8,8,72,40,32,60,1980,1981
1980/1981,First Division 1980-81,2,Ipswich Town,42,23,10,9,77,43,34,56,1980,1981
1980/1981,First Division 1980-81,3,Arsenal,42,19,15,8,61,45,16,53,1980,1981
1980/1981,First Division 1980-81,4,West Bromwich Albion,42,20,12,10,60,42,18,52,1980,1981
1980/1981,First Division 1980-81,5,Liverpool,42,17,17,8,62,42,20,51,1980,1981
1980/1981,First Division 1980-81,6,Southampton,42,20,10,12,76,56,20,50,1980,1981
1980/1981,First Division 1980-81,7,Nottingham Forest,42,19,12,11,62,44,18,50,1980,1981
1980/1981,First Division 1980-81,8,Manchester United,42,15,18,9,51,36,15,48,1980,1981
1980/1981,First Division 1980-81,9,Leeds United,42,17,10,15,39,47,-8,44,1980,1981
1980/1981,First Division 1980-81,10,Tottenham Hotspur ,42,14,15,13,70,68,2,43,1980,1981
1980/1981,First Division 1980-81,11,Stoke City,42,12,18,12,51,60,-9,42,1980,1981
1980/1981,First Division 1980-81,12,Manchester City,42,14,11,17,56,59,-3,39,1980,1981
1980/1981,First Division 1980-81,13,Birmingham City,42,13,12,17,50,61,-11,38,1980,1981
1980/1981,First Division 1980-81,14,Middlesbrough,42,16,5,21,53,61,-8,37,1980,1981
1980/1981,First Division 1980-81,15,Everton,42,13,10,19,55,58,-3,36,1980,1981
1980/1981,First Division 1980-81,16,Coventry City,42,13,10,19,48,68,-20,36,1980,1981
1980/1981,First Division 1980-81,17,Sunderland,42,14,7,21,52,53,-1,35,1980,1981
1980/1981,First Division 1980-81,18,Wolverhampton Wanderers,42,13,9,20,43,55,-12,35,1980,1981
1980/1981,First Division 1980-81,19,Brighton,42,14,7,21,54,67,-13,35,1980,1981
1980/1981,First Division 1980-81,20,Norwich City,42,13,7,22,49,73,-24,33,1980,1981
1980/1981,First Division 1980-81,21,Leicester City,42,13,6,23,40,67,-27,32,1980,1981
1980/1981,First Division 1980-81,22,Crystal Palace,42,6,7,29,47,83,-36,19,1980,1981
1979/1980,First Division 1979-80,1,Liverpool,42,25,10,7,81,30,51,60,1979,1980
1979/1980,First Division 1979-80,2,Manchester United,42,24,10,8,65,35,30,58,1979,1980
1979/1980,First Division 1979-80,3,Ipswich Town,42,22,9,11,68,39,29,53,1979,1980
1979/1980,First Division 1979-80,4,Arsenal,42,18,16,8,52,36,16,52,1979,1980
1979/1980,First Division 1979-80,5,Nottingham Forest,42,20,8,14,63,43,20,48,1979,1980
1979/1980,First Division 1979-80,6,Wolverhampton Wanderers,42,19,9,14,58,47,11,47,1979,1980
1979/1980,First Division 1979-80,7,Aston Villa,42,16,14,12,51,50,1,46,1979,1980
1979/1980,First Division 1979-80,8,Southampton,42,18,9,15,65,53,12,45,1979,1980
1979/1980,First Division 1979-80,9,Middlesbrough,42,16,12,14,50,44,6,44,1979,1980
1979/1980,First Division 1979-80,10,West Bromwich Albion,42,11,19,12,54,50,4,41,1979,1980
1979/1980,First Division 1979-80,11,Leeds United,42,13,14,15,46,50,-4,40,1979,1980
1979/1980,First Division 1979-80,12,Norwich City,42,13,14,15,58,66,-8,40,1979,1980
1979/1980,First Division 1979-80,13,Crystal Palace,42,12,16,14,41,50,-9,40,1979,1980
1979/1980,First Division 1979-80,14,Tottenham Hotspur ,42,15,10,17,52,62,-10,40,1979,1980
1979/1980,First Division 1979-80,15,Coventry City,42,16,7,19,56,66,-10,39,1979,1980
1979/1980,First Division 1979-80,16,Brighton,42,11,15,16,47,57,-10,37,1979,1980
1979/1980,First Division 1979-80,17,Manchester City,42,12,13,17,43,66,-23,37,1979,1980
1979/1980,First Division 1979-80,18,Stoke City,42,13,10,19,44,58,-14,36,1979,1980
1979/1980,First Division 1979-80,19,Everton,42,9,17,16,43,51,-8,35,1979,1980
1979/1980,First Division 1979-80,20,Bristol City,42,9,13,20,37,66,-29,31,1979,1980
1979/1980,First Division 1979-80,21,Derby County,42,11,8,23,47,67,-20,30,1979,1980
1979/1980,First Division 1979-80,22,Bolton Wanderers,42,5,15,22,38,73,-35,25,1979,1980
1978/1979,First Division 1978-79,1,Liverpool,42,30,8,4,85,16,69,68,1978,1979
1978/1979,First Division 1978-79,2,Nottingham Forest,42,21,18,3,61,26,35,60,1978,1979
1978/1979,First Division 1978-79,3,West Bromwich Albion,42,24,11,7,72,35,37,59,1978,1979
1978/1979,First Division 1978-79,4,Everton,42,17,17,8,52,40,12,51,1978,1979
1978/1979,First Division 1978-79,5,Leeds United,42,18,14,10,70,52,18,50,1978,1979
1978/1979,First Division 1978-79,6,Ipswich Town,42,20,9,13,63,49,14,49,1978,1979
1978/1979,First Division 1978-79,7,Arsenal,42,17,14,11,61,48,13,48,1978,1979
1978/1979,First Division 1978-79,8,Aston Villa,42,15,16,11,59,49,10,46,1978,1979
1978/1979,First Division 1978-79,9,Manchester United,42,15,15,12,60,63,-3,45,1978,1979
1978/1979,First Division 1978-79,10,Coventry City,42,14,16,12,58,68,-10,44,1978,1979
1978/1979,First Division 1978-79,11,Tottenham Hotspur ,42,13,15,14,48,61,-13,41,1978,1979
1978/1979,First Division 1978-79,12,Middlesbrough,42,15,10,17,57,50,7,40,1978,1979
1978/1979,First Division 1978-79,13,Bristol City,42,15,10,17,47,51,-4,40,1978,1979
1978/1979,First Division 1978-79,14,Southampton,42,12,16,14,47,53,-6,40,1978,1979
1978/1979,First Division 1978-79,15,Manchester City,42,13,13,16,58,56,2,39,1978,1979
1978/1979,First Division 1978-79,16,Norwich City,42,7,23,12,51,57,-6,37,1978,1979
1978/1979,First Division 1978-79,17,Bolton Wanderers,42,12,11,19,54,75,-21,35,1978,1979
1978/1979,First Division 1978-79,18,Wolverhampton Wanderers,42,13,8,21,44,68,-24,34,1978,1979
1978/1979,First Division 1978-79,19,Derby County,42,10,11,21,44,71,-27,31,1978,1979
1978/1979,First Division 1978-79,20,Queens Park Rangers,42,6,13,23,45,73,-28,25,1978,1979
1978/1979,First Division 1978-79,21,Birmingham City,42,6,10,26,37,64,-27,22,1978,1979
1978/1979,First Division 1978-79,22,Chelsea,42,5,10,27,44,92,-48,20,1978,1979
1977/1978,First Division 1977-78,1,Nottingham Forest,42,25,14,3,69,24,45,64,1977,1978
1977/1978,First Division 1977-78,2,Liverpool,42,24,9,9,65,34,31,57,1977,1978
1977/1978,First Division 1977-78,3,Everton,42,22,11,9,76,45,31,55,1977,1978
1977/1978,First Division 1977-78,4,Manchester City,42,20,12,10,74,51,23,52,1977,1978
1977/1978,First Division 1977-78,5,Arsenal,42,21,10,11,60,37,23,52,1977,1978
1977/1978,First Division 1977-78,6,West Bromwich Albion,42,18,14,10,62,53,9,50,1977,1978
1977/1978,First Division 1977-78,7,Coventry City,42,18,12,12,75,62,13,48,1977,1978
1977/1978,First Division 1977-78,8,Aston Villa,42,18,10,14,57,42,15,46,1977,1978
1977/1978,First Division 1977-78,9,Leeds United,42,18,10,14,63,53,10,46,1977,1978
1977/1978,First Division 1977-78,10,Manchester United,42,16,10,16,67,63,4,42,1977,1978
1977/1978,First Division 1977-78,11,Birmingham City,42,16,9,17,55,60,-5,41,1977,1978
1977/1978,First Division 1977-78,12,Derby County,42,14,13,15,54,59,-5,41,1977,1978
1977/1978,First Division 1977-78,13,Norwich City,42,11,18,13,52,66,-14,40,1977,1978
1977/1978,First Division 1977-78,14,Middlesbrough,42,12,15,15,42,54,-12,39,1977,1978
1977/1978,First Division 1977-78,15,Wolverhampton Wanderers,42,12,12,18,51,64,-13,36,1977,1978
1977/1978,First Division 1977-78,16,Chelsea,42,11,14,17,46,69,-23,36,1977,1978
1977/1978,First Division 1977-78,17,Bristol City,42,11,13,18,49,53,-4,35,1977,1978
1977/1978,First Division 1977-78,18,Ipswich Town,42,11,13,18,47,61,-14,35,1977,1978
1977/1978,First Division 1977-78,19,Queens Park Rangers,42,9,15,18,47,64,-17,33,1977,1978
1977/1978,First Division 1977-78,20,West Ham United,42,12,8,22,52,69,-17,32,1977,1978
1977/1978,First Division 1977-78,21,Newcastle United,42,6,10,26,42,78,-36,22,1977,1978
1977/1978,First Division 1977-78,22,Leicester City,42,5,12,25,26,70,-44,22,1977,1978
1976/1977,First Division 1976-77,1,Liverpool,42,23,11,8,62,33,29,57,1976,1977
1976/1977,First Division 1976-77,2,Manchester City,42,21,14,7,60,34,26,56,1976,1977
1976/1977,First Division 1976-77,3,Ipswich Town,42,22,8,12,66,39,27,52,1976,1977
1976/1977,First Division 1976-77,4,Aston Villa,42,22,7,13,76,50,26,51,1976,1977
1976/1977,First Division 1976-77,5,Newcastle United,42,18,13,11,64,49,15,49,1976,1977
1976/1977,First Division 1976-77,6,Manchester United,42,18,11,13,71,62,9,47,1976,1977
1976/1977,First Division 1976-77,7,West Bromwich Albion,42,16,13,13,62,56,6,45,1976,1977
1976/1977,First Division 1976-77,8,Arsenal,42,16,11,15,64,59,5,43,1976,1977
1976/1977,First Division 1976-77,9,Everton,42,14,14,14,62,64,-2,42,1976,1977
1976/1977,First Division 1976-77,10,Leeds United,42,15,12,15,48,51,-3,42,1976,1977
1976/1977,First Division 1976-77,11,Leicester City,42,12,18,12,47,60,-13,42,1976,1977
1976/1977,First Division 1976-77,12,Middlesbrough,42,14,13,15,40,45,-5,41,1976,1977
1976/1977,First Division 1976-77,13,Birmingham City,42,13,12,17,63,61,2,38,1976,1977
1976/1977,First Division 1976-77,14,Queens Park Rangers,42,13,12,17,47,52,-5,38,1976,1977
1976/1977,First Division 1976-77,15,Derby County,42,9,19,14,50,55,-5,37,1976,1977
1976/1977,First Division 1976-77,16,Norwich City,42,14,9,19,47,64,-17,37,1976,1977
1976/1977,First Division 1976-77,17,West Ham United,42,11,14,17,46,65,-19,36,1976,1977
1976/1977,First Division 1976-77,18,Bristol City,42,11,13,18,38,48,-10,35,1976,1977
1976/1977,First Division 1976-77,19,Coventry City,42,10,15,17,48,59,-11,35,1976,1977
1976/1977,First Division 1976-77,20,Sunderland,42,11,12,19,46,54,-8,34,1976,1977
1976/1977,First Division 1976-77,21,Stoke City,42,10,14,18,28,51,-23,34,1976,1977
1976/1977,First Division 1976-77,22,Tottenham Hotspur ,42,12,9,21,48,72,-24,33,1976,1977
1975/1976,First Division 1975-76,1,Liverpool,42,23,14,5,66,31,35,60,1975,1976
1975/1976,First Division 1975-76,2,Queens Park Rangers,42,24,11,7,67,33,34,59,1975,1976
1975/1976,First Division 1975-76,3,Manchester United,42,23,10,9,68,42,26,56,1975,1976
1975/1976,First Division 1975-76,4,Derby County,42,21,11,10,75,58,17,53,1975,1976
1975/1976,First Division 1975-76,5,Leeds United,42,21,9,12,65,46,19,51,1975,1976
1975/1976,First Division 1975-76,6,Ipswich Town,42,16,14,12,54,48,6,46,1975,1976
1975/1976,First Division 1975-76,7,Leicester City,42,13,19,10,48,51,-3,45,1975,1976
1975/1976,First Division 1975-76,8,Manchester City,42,16,11,15,64,46,18,43,1975,1976
1975/1976,First Division 1975-76,9,Tottenham Hotspur ,42,14,15,13,63,63,0,43,1975,1976
1975/1976,First Division 1975-76,10,Norwich City,42,16,10,16,58,58,0,42,1975,1976
1975/1976,First Division 1975-76,11,Everton,42,15,12,15,60,66,-6,42,1975,1976
1975/1976,First Division 1975-76,12,Stoke City,42,15,11,16,48,50,-2,41,1975,1976
1975/1976,First Division 1975-76,13,Middlesbrough,42,15,10,17,46,45,1,40,1975,1976
1975/1976,First Division 1975-76,14,Coventry City,42,13,14,15,47,57,-10,40,1975,1976
1975/1976,First Division 1975-76,15,Newcastle United,42,15,9,18,71,62,9,39,1975,1976
1975/1976,First Division 1975-76,16,Aston Villa,42,11,17,14,51,59,-8,39,1975,1976
1975/1976,First Division 1975-76,17,Arsenal,42,13,10,19,47,53,-6,36,1975,1976
1975/1976,First Division 1975-76,18,West Ham United,42,13,10,19,48,71,-23,36,1975,1976
1975/1976,First Division 1975-76,19,Birmingham City,42,13,7,22,57,75,-18,30,1975,1976
1975/1976,First Division 1975-76,20,Wolverhampton Wanderers,42,10,10,22,51,68,-17,30,1975,1976
1975/1976,First Division 1975-76,21,Burnley,42,9,10,23,43,66,-23,28,1975,1976
1975/1976,First Division 1975-76,22,Sheffield United,42,6,10,26,33,82,-49,22,1975,1976
1974/1975,First Division 1974-75,1,Derby County,42,21,11,10,67,49,18,53,1974,1975
1974/1975,First Division 1974-75,2,Liverpool,42,20,11,11,60,39,21,51,1974,1975
1974/1975,First Division 1974-75,3,Ipswich Town,42,23,5,14,66,44,22,51,1974,1975
1974/1975,First Division 1974-75,4,Everton,42,16,18,8,56,42,14,50,1974,1975
1974/1975,First Division 1974-75,5,Stoke City,42,17,15,10,64,48,16,49,1974,1975
1974/1975,First Division 1974-75,6,Sheffield United,42,18,13,11,58,51,7,49,1974,1975
1974/1975,First Division 1974-75,7,Middlesbrough,42,18,12,12,54,40,14,48,1974,1975
1974/1975,First Division 1974-75,8,Manchester City,42,18,10,14,54,54,0,46,1974,1975
1974/1975,First Division 1974-75,9,Leeds United,42,16,13,13,57,49,8,45,1974,1975
1974/1975,First Division 1974-75,10,Burnley,42,17,11,14,68,67,1,45,1974,1975
1974/1975,First Division 1974-75,11,Queens Park Rangers,42,16,10,16,54,54,0,42,1974,1975
1974/1975,First Division 1974-75,12,Wolverhampton Wanderers,42,14,11,17,57,54,3,39,1974,1975
1974/1975,First Division 1974-75,13,West Ham United,42,13,13,16,58,59,-1,39,1974,1975
1974/1975,First Division 1974-75,14,Coventry City,42,12,15,15,51,62,-11,39,1974,1975
1974/1975,First Division 1974-75,15,Newcastle United,42,15,9,18,59,72,-13,39,1974,1975
1974/1975,First Division 1974-75,16,Arsenal,42,13,11,18,47,49,-2,37,1974,1975
1974/1975,First Division 1974-75,17,Birmingham City,42,14,9,19,53,61,-8,37,1974,1975
1974/1975,First Division 1974-75,18,Leicester City,42,12,12,18,46,60,-14,36,1974,1975
1974/1975,First Division 1974-75,19,Tottenham Hotspur ,42,13,8,21,52,63,-11,34,1974,1975
1974/1975,First Division 1974-75,20,Luton Town,42,11,11,20,47,65,-18,33,1974,1975
1974/1975,First Division 1974-75,21,Chelsea,42,9,15,18,42,72,-30,33,1974,1975
1974/1975,First Division 1974-75,22,Carlisle United,42,12,5,25,43,59,-16,29,1974,1975
1973/1974,First Division 1973-74,1,Leeds United,42,24,14,4,66,31,35,62,1973,1974
1973/1974,First Division 1973-74,2,Liverpool,42,22,13,7,52,31,21,57,1973,1974
1973/1974,First Division 1973-74,3,Derby County,42,17,14,11,52,42,10,48,1973,1974
1973/1974,First Division 1973-74,4,Ipswich Town,42,18,11,13,67,58,9,47,1973,1974
1973/1974,First Division 1973-74,5,Stoke City,42,15,16,11,54,42,12,46,1973,1974
1973/1974,First Division 1973-74,6,Burnley,42,16,14,12,56,53,3,46,1973,1974
1973/1974,First Division 1973-74,7,Everton,42,16,12,14,50,48,2,44,1973,1974
1973/1974,First Division 1973-74,8,Queens Park Rangers,42,13,17,12,56,52,4,43,1973,1974
1973/1974,First Division 1973-74,9,Leicester City,42,13,16,13,51,41,10,42,1973,1974
1973/1974,First Division 1973-74,10,Arsenal,42,14,14,14,49,51,-2,42,1973,1974
1973/1974,First Division 1973-74,11,Tottenham Hotspur ,42,14,14,14,45,50,-5,42,1973,1974
1973/1974,First Division 1973-74,12,Wolverhampton Wanderers,42,13,15,14,49,49,0,41,1973,1974
1973/1974,First Division 1973-74,13,Sheffield United,42,14,12,16,44,49,-5,40,1973,1974
1973/1974,First Division 1973-74,14,Manchester City,42,14,12,16,39,46,-7,40,1973,1974
1973/1974,First Division 1973-74,15,Newcastle United,42,13,12,17,49,48,1,38,1973,1974
1973/1974,First Division 1973-74,16,Coventry City,42,14,10,18,43,54,-11,38,1973,1974
1973/1974,First Division 1973-74,17,Chelsea,42,12,13,17,56,60,-4,37,1973,1974
1973/1974,First Division 1973-74,18,West Ham United,42,11,15,16,55,60,-5,37,1973,1974
1973/1974,First Division 1973-74,19,Birmingham City,42,12,13,17,52,64,-12,37,1973,1974
1973/1974,First Division 1973-74,20,Southampton,42,11,14,17,47,68,-21,36,1973,1974
1973/1974,First Division 1973-74,21,Manchester United,42,10,12,20,38,48,-10,32,1973,1974
1973/1974,First Division 1973-74,22,Norwich City,42,7,15,20,37,62,-25,29,1973,1974
1972/1973,First Division 1972-73,1,Liverpool,42,25,10,7,72,42,30,60,1972,1973
1972/1973,First Division 1972-73,2,Arsenal,42,23,11,8,57,43,14,57,1972,1973
1972/1973,First Division 1972-73,3,Leeds United,42,21,11,10,71,45,26,53,1972,1973
1972/1973,First Division 1972-73,4,Ipswich Town,42,17,14,11,55,45,10,48,1972,1973
1972/1973,First Division 1972-73,5,Wolverhampton Wanderers,42,18,11,13,66,54,12,47,1972,1973
1972/1973,First Division 1972-73,6,West Ham United,42,17,12,13,67,53,14,46,1972,1973
1972/1973,First Division 1972-73,7,Derby County,42,19,8,15,56,54,2,46,1972,1973
1972/1973,First Division 1972-73,8,Tottenham Hotspur ,42,16,13,13,58,48,10,45,1972,1973
1972/1973,First Division 1972-73,9,Newcastle United,42,16,13,13,60,51,9,45,1972,1973
1972/1973,First Division 1972-73,10,Birmingham City,42,15,12,15,53,54,-1,42,1972,1973
1972/1973,First Division 1972-73,11,Manchester City,42,15,11,16,57,60,-3,41,1972,1973
1972/1973,First Division 1972-73,12,Chelsea,42,13,14,15,49,51,-2,40,1972,1973
1972/1973,First Division 1972-73,13,Southampton,42,11,18,13,47,52,-5,40,1972,1973
1972/1973,First Division 1972-73,14,Sheffield United,42,15,10,17,51,59,-8,40,1972,1973
1972/1973,First Division 1972-73,15,Stoke City,42,14,10,18,61,56,5,38,1972,1973
1972/1973,First Division 1972-73,16,Leicester City,42,10,17,15,40,46,-6,37,1972,1973
1972/1973,First Division 1972-73,17,Everton,42,13,11,18,41,49,-8,37,1972,1973
1972/1973,First Division 1972-73,18,Manchester United,42,12,13,17,44,60,-16,37,1972,1973
1972/1973,First Division 1972-73,19,Coventry City,42,13,9,20,40,55,-15,35,1972,1973
1972/1973,First Division 1972-73,20,Norwich City,42,11,10,21,36,63,-27,32,1972,1973
1972/1973,First Division 1972-73,21,Crystal Palace,42,9,12,21,41,58,-17,30,1972,1973
1972/1973,First Division 1972-73,22,West Bromwich Albion,42,9,10,23,38,62,-24,28,1972,1973
1971/1972,First Division 1971-72,1,Derby County,42,24,10,8,69,33,36,58,1971,1972
1971/1972,First Division 1971-72,2,Leeds United,42,24,9,9,73,31,42,57,1971,1972
1971/1972,First Division 1971-72,3,Liverpool,42,24,9,9,64,30,34,57,1971,1972
1971/1972,First Division 1971-72,4,Manchester City,42,23,11,8,77,45,32,57,1971,1972
1971/1972,First Division 1971-72,5,Arsenal,42,22,8,12,58,40,18,52,1971,1972
1971/1972,First Division 1971-72,6,Tottenham Hotspur ,42,19,13,10,63,42,21,51,1971,1972
1971/1972,First Division 1971-72,7,Chelsea,42,18,12,12,58,49,9,48,1971,1972
1971/1972,First Division 1971-72,8,Manchester United,42,19,10,13,69,61,8,48,1971,1972
1971/1972,First Division 1971-72,9,Wolverhampton Wanderers,42,18,11,13,65,57,8,47,1971,1972
1971/1972,First Division 1971-72,10,Sheffield United,42,17,12,13,61,60,1,46,1971,1972
1971/1972,First Division 1971-72,11,Newcastle United,42,15,11,16,49,52,-3,41,1971,1972
1971/1972,First Division 1971-72,12,Leicester City,42,13,13,16,41,46,-5,39,1971,1972
1971/1972,First Division 1971-72,13,Ipswich Town,42,11,16,15,39,53,-14,38,1971,1972
1971/1972,First Division 1971-72,14,West Ham United,42,12,12,18,47,51,-4,36,1971,1972
1971/1972,First Division 1971-72,15,Everton,42,9,18,15,37,48,-11,36,1971,1972
1971/1972,First Division 1971-72,16,West Bromwich Albion,42,12,11,19,42,54,-12,35,1971,1972
1971/1972,First Division 1971-72,17,Stoke City,42,10,15,17,39,56,-17,35,1971,1972
1971/1972,First Division 1971-72,18,Coventry City,42,9,15,18,44,67,-23,33,1971,1972
1971/1972,First Division 1971-72,19,Southampton,42,12,7,23,52,80,-28,31,1971,1972
1971/1972,First Division 1971-72,20,Crystal Palace,42,8,13,21,39,65,-26,29,1971,1972
1971/1972,First Division 1971-72,21,Nottingham Forest,42,8,9,25,47,81,-34,25,1971,1972
1971/1972,First Division 1971-72,22,Huddersfield Town,42,6,13,23,27,59,-32,25,1971,1972
1970/1971,First Division 1970-71,1,Arsenal,42,29,7,6,71,29,42,65,1970,1971
1970/1971,First Division 1970-71,2,Leeds United,42,27,10,5,72,30,42,64,1970,1971
1970/1971,First Division 1970-71,3,Tottenham Hotspur ,42,19,14,9,54,33,21,52,1970,1971
1970/1971,First Division 1970-71,4,Wolverhampton Wanderers,42,22,8,12,64,54,10,52,1970,1971
1970/1971,First Division 1970-71,5,Liverpool,42,17,17,8,42,24,18,51,1970,1971
1970/1971,First Division 1970-71,6,Chelsea,42,18,15,9,52,42,10,51,1970,1971
1970/1971,First Division 1970-71,7,Southampton,42,17,12,13,56,44,12,46,1970,1971
1970/1971,First Division 1970-71,8,Manchester United,42,16,11,15,65,66,-1,43,1970,1971
1970/1971,First Division 1970-71,9,Derby County,42,16,10,16,56,54,2,42,1970,1971
1970/1971,First Division 1970-71,10,Coventry City,42,16,10,16,37,38,-1,42,1970,1971
1970/1971,First Division 1970-71,11,Manchester City,42,12,17,13,47,42,5,41,1970,1971
1970/1971,First Division 1970-71,12,Newcastle United,42,14,13,15,44,46,-2,41,1970,1971
1970/1971,First Division 1970-71,13,Stoke City,42,12,13,17,44,48,-4,37,1970,1971
1970/1971,First Division 1970-71,14,Everton,42,12,13,17,54,60,-6,37,1970,1971
1970/1971,First Division 1970-71,15,Huddersfield Town,42,11,14,17,40,49,-9,36,1970,1971
1970/1971,First Division 1970-71,16,Nottingham Forest,42,14,8,20,42,61,-19,36,1970,1971
1970/1971,First Division 1970-71,17,West Bromwich Albion,42,10,15,17,58,75,-17,35,1970,1971
1970/1971,First Division 1970-71,18,Crystal Palace,42,12,11,19,39,57,-18,35,1970,1971
1970/1971,First Division 1970-71,19,Ipswich Town,42,12,10,20,42,48,-6,34,1970,1971
1970/1971,First Division 1970-71,20,West Ham United,42,10,14,18,47,60,-13,34,1970,1971
1970/1971,First Division 1970-71,21,Burnley,42,7,13,22,29,63,-34,27,1970,1971
1970/1971,First Division 1970-71,22,Blackpool,42,4,15,23,34,66,-32,23,1970,1971
1969/1970,First Division 1969-70,1,Everton,42,29,8,5,72,34,38,66,1969,1970
1969/1970,First Division 1969-70,2,Leeds United,42,21,15,6,84,49,35,57,1969,1970
1969/1970,First Division 1969-70,3,Chelsea,42,21,13,8,70,50,20,55,1969,1970
1969/1970,First Division 1969-70,4,Derby County,42,22,9,11,64,37,27,53,1969,1970
1969/1970,First Division 1969-70,5,Liverpool,42,20,11,11,65,42,23,51,1969,1970
1969/1970,First Division 1969-70,6,Coventry City,42,19,11,12,58,48,10,49,1969,1970
1969/1970,First Division 1969-70,7,Newcastle United,42,17,13,12,57,35,22,47,1969,1970
1969/1970,First Division 1969-70,8,Manchester United,42,14,17,11,66,61,5,45,1969,1970
1969/1970,First Division 1969-70,9,Stoke City,42,15,15,12,56,52,4,45,1969,1970
1969/1970,First Division 1969-70,10,Manchester City,42,16,11,15,55,48,7,43,1969,1970
1969/1970,First Division 1969-70,11,Tottenham Hotspur ,42,17,9,16,54,55,-1,43,1969,1970
1969/1970,First Division 1969-70,12,Arsenal,42,12,18,12,51,49,2,42,1969,1970
1969/1970,First Division 1969-70,13,Wolverhampton Wanderers,42,12,16,14,55,57,-2,40,1969,1970
1969/1970,First Division 1969-70,14,Burnley,42,12,15,15,56,61,-5,39,1969,1970
1969/1970,First Division 1969-70,15,Nottingham Forest,42,10,18,14,50,71,-21,38,1969,1970
1969/1970,First Division 1969-70,16,West Bromwich Albion,42,14,9,19,58,66,-8,37,1969,1970
1969/1970,First Division 1969-70,17,West Ham United,42,12,12,18,51,60,-9,36,1969,1970
1969/1970,First Division 1969-70,18,Ipswich Town,42,10,11,21,40,63,-23,31,1969,1970
1969/1970,First Division 1969-70,19,Southampton,42,6,17,19,46,67,-21,29,1969,1970
1969/1970,First Division 1969-70,20,Crystal Palace,42,6,15,21,34,68,-34,27,1969,1970
1969/1970,First Division 1969-70,21,Sunderland,42,6,14,22,30,68,-38,26,1969,1970
1969/1970,First Division 1969-70,22,Sheffield Wednesday,42,8,9,25,40,71,-31,25,1969,1970
1968/1969,1968/1969 First Division,1,Leeds United,42,27,13,2,66,26,40,67,1968,1969
1968/1969,1968/1969 First Division,2,Liverpool,42,25,11,6,63,24,39,61,1968,1969
1968/1969,1968/1969 First Division,3,Everton,42,21,15,6,77,36,41,57,1968,1969
1968/1969,1968/1969 First Division,4,Arsenal,42,22,12,8,56,27,29,56,1968,1969
1968/1969,1968/1969 First Division,5,Chelsea,42,20,10,12,73,53,20,50,1968,1969
1968/1969,1968/1969 First Division,6,Tottenham Hotspur ,42,14,17,11,61,51,10,45,1968,1969
1968/1969,1968/1969 First Division,7,Southampton,42,16,13,13,57,48,9,45,1968,1969
1968/1969,1968/1969 First Division,8,West Ham United,42,13,18,11,66,50,16,44,1968,1969
1968/1969,1968/1969 First Division,9,Newcastle United,42,15,14,13,61,55,6,44,1968,1969
1968/1969,1968/1969 First Division,10,West Bromwich Albion,42,16,11,15,64,67,-3,43,1968,1969
1968/1969,1968/1969 First Division,11,Manchester United,42,15,12,15,57,53,4,42,1968,1969
1968/1969,1968/1969 First Division,12,Ipswich Town,42,15,11,16,59,60,-1,41,1968,1969
1968/1969,1968/1969 First Division,13,Manchester City,42,15,10,17,64,55,9,40,1968,1969
1968/1969,1968/1969 First Division,14,Burnley,42,15,9,18,55,82,-27,39,1968,1969
1968/1969,1968/1969 First Division,15,Sheffield Wednesday,42,10,16,16,41,54,-13,36,1968,1969
1968/1969,1968/1969 First Division,16,Wolverhampton Wanderers,42,10,15,17,41,58,-17,35,1968,1969
1968/1969,1968/1969 First Division,17,Sunderland,42,11,12,19,43,67,-24,34,1968,1969
1968/1969,1968/1969 First Division,18,Nottingham Forest,42,10,13,19,45,57,-12,33,1968,1969
1968/1969,1968/1969 First Division,19,Stoke City,42,9,15,18,40,63,-23,33,1968,1969
1968/1969,1968/1969 First Division,20,Coventry City,42,10,11,21,46,64,-18,31,1968,1969
1968/1969,1968/1969 First Division,21,Leicester City,42,9,12,21,39,68,-29,30,1968,1969
1968/1969,1968/1969 First Division,22,Queens Park Rangers,42,4,10,28,39,95,-56,18,1968,1969
1967/1968,First Division 1967-68,1,Manchester City,42,26,6,10,86,43,43,58,1967,1968
1967/1968,First Division 1967-68,2,Manchester United,42,24,8,10,89,55,34,56,1967,1968
1967/1968,First Division 1967-68,3,Liverpool,42,22,11,9,71,40,31,55,1967,1968
1967/1968,First Division 1967-68,4,Leeds United,42,22,9,11,71,41,30,53,1967,1968
1967/1968,First Division 1967-68,5,Everton,42,23,6,13,67,40,27,52,1967,1968
1967/1968,First Division 1967-68,6,Chelsea,42,18,12,12,62,68,-6,48,1967,1968
1967/1968,First Division 1967-68,7,Tottenham Hotspur ,42,19,9,14,70,59,11,47,1967,1968
1967/1968,First Division 1967-68,8,West Bromwich Albion,42,17,12,13,75,62,13,46,1967,1968
1967/1968,First Division 1967-68,9,Arsenal,42,17,10,15,60,56,4,44,1967,1968
1967/1968,First Division 1967-68,10,Newcastle United,42,13,15,14,54,67,-13,41,1967,1968
1967/1968,First Division 1967-68,11,Nottingham Forest,42,14,11,17,52,64,-12,39,1967,1968
1967/1968,First Division 1967-68,12,West Ham United,42,14,10,18,73,69,4,38,1967,1968
1967/1968,First Division 1967-68,13,Leicester City,42,13,12,17,64,69,-5,38,1967,1968
1967/1968,First Division 1967-68,14,Burnley,42,14,10,18,64,71,-7,38,1967,1968
1967/1968,First Division 1967-68,15,Sunderland,42,13,11,18,51,61,-10,37,1967,1968
1967/1968,First Division 1967-68,16,Southampton,42,13,11,18,66,83,-17,37,1967,1968
1967/1968,First Division 1967-68,17,Wolverhampton Wanderers,42,14,8,20,66,75,-9,36,1967,1968
1967/1968,First Division 1967-68,18,Stoke City,42,14,7,21,50,73,-23,35,1967,1968
1967/1968,First Division 1967-68,19,Sheffield Wednesday,42,11,12,19,51,63,-12,34,1967,1968
1967/1968,First Division 1967-68,20,Coventry City,42,9,15,18,51,71,-20,33,1967,1968
1967/1968,First Division 1967-68,21,Sheffield United,42,11,10,21,49,70,-21,32,1967,1968
1967/1968,First Division 1967-68,22,Fulham,42,10,7,25,56,98,-42,27,1967,1968